region,tenure,age,marital,address,income,ed,employ,retire,gender,reside,custcat,income_per_year_employed,age_category,income_age_ratio
2,13,44,1,9,64.0,4,5,0.0,0,2,1,10.666666666666666,2,1.4545454545454546
3,11,33,1,7,136.0,5,5,0.0,0,6,4,22.666666666666668,2,4.121212121212121
3,68,52,1,24,116.0,1,29,0.0,1,2,3,3.8666666666666667,3,2.230769230769231
2,33,33,0,12,33.0,2,0,0.0,1,1,1,33.0,2,1.0
2,23,30,1,9,30.0,1,2,0.0,0,4,3,10.0,2,1.0
2,41,39,0,17,78.0,2,16,0.0,1,1,3,4.588235294117647,2,2.0
3,45,22,1,2,19.0,2,4,0.0,1,5,2,3.8,2,0.8636363636363636
2,38,35,0,5,76.0,2,10,0.0,0,3,4,6.909090909090909,2,2.1714285714285713
3,45,59,1,7,166.0,4,31,0.0,0,5,3,5.1875,3,2.8135593220338984
1,68,41,1,21,72.0,1,22,0.0,0,3,2,3.130434782608696,2,1.7560975609756098
2,5,33,0,10,125.0,4,5,0.0,1,1,1,20.833333333333332,2,3.787878787878788
3,7,35,0,14,80.0,2,15,0.0,1,1,3,5.0,2,2.2857142857142856
1,41,38,1,8,37.0,2,9,0.0,1,3,1,3.7,2,0.9736842105263158
2,57,54,1,30,115.0,4,23,0.0,1,3,4,4.791666666666667,3,2.1296296296296298
2,9,46,0,3,25.0,1,8,0.0,1,2,1,2.7777777777777777,2,0.5434782608695652
1,29,38,1,12,75.0,5,1,0.0,0,4,2,37.5,2,1.9736842105263157
3,60,57,0,38,162.0,2,30,0.0,0,1,3,5.225806451612903,3,2.8421052631578947
3,34,48,0,3,49.0,2,6,0.0,1,3,3,7.0,2,1.0208333333333333
2,1,24,0,3,20.0,1,3,0.0,0,1,1,5.0,2,0.8333333333333334
1,26,29,1,3,77.0,4,2,0.0,0,4,4,25.666666666666668,2,2.6551724137931036
3,6,30,0,7,16.0,3,1,0.0,1,1,2,8.0,2,0.5333333333333333
1,68,52,1,17,120.0,1,24,0.0,0,2,1,4.8,3,2.3076923076923075
3,53,33,0,10,101.0,5,4,0.0,1,2,4,20.2,2,3.0606060606060606
3,55,48,1,19,67.0,1,25,0.0,0,3,1,2.576923076923077,2,1.3958333333333333
3,14,43,1,18,36.0,1,5,0.0,0,5,3,6.0,2,0.8372093023255814
2,1,21,0,0,33.0,2,0,0.0,1,3,3,33.0,1,1.5714285714285714
2,42,40,0,7,37.0,2,8,0.0,1,1,4,4.111111111111111,2,0.925
3,25,33,1,11,31.0,1,5,0.0,0,4,3,5.166666666666667,2,0.9393939393939394
1,9,21,1,1,17.0,2,2,0.0,1,3,1,5.666666666666667,1,0.8095238095238095
2,13,33,1,9,19.0,4,0,0.0,1,2,2,19.0,2,0.5757575757575758
1,56,37,1,6,36.0,1,13,0.0,1,2,2,2.5714285714285716,2,0.972972972972973
1,71,53,1,27,155.0,5,12,0.0,0,2,4,11.923076923076923,3,2.9245283018867925
1,35,50,1,26,140.0,2,21,0.0,1,4,3,6.363636363636363,2,2.8
1,11,27,1,8,55.0,5,0,0.0,0,3,2,55.0,2,2.037037037037037
2,60,46,1,13,163.0,3,24,0.0,0,2,4,6.52,2,3.5434782608695654
3,20,35,1,11,52.0,4,0,0.0,0,2,2,52.0,2,1.4857142857142858
2,54,60,0,38,211.0,4,25,0.0,0,1,4,8.115384615384615,3,3.5166666666666666
1,44,57,1,1,186.0,2,17,0.0,0,2,3,10.333333333333334,3,3.263157894736842
1,11,41,1,0,39.0,1,1,0.0,1,2,3,19.5,2,0.9512195121951219
2,72,57,0,34,22.0,2,35,1.0,1,1,3,0.6111111111111112,3,0.38596491228070173
3,10,41,0,7,30.0,1,7,0.0,0,1,3,3.75,2,0.7317073170731707
2,15,28,0,0,29.0,2,4,0.0,1,1,3,5.8,2,1.0357142857142858
2,27,28,1,4,23.0,2,8,0.0,0,5,1,2.5555555555555554,2,0.8214285714285714
1,9,36,1,14,62.0,4,10,0.0,0,6,4,5.636363636363637,2,1.7222222222222223
1,64,43,1,20,76.0,4,20,0.0,1,4,3,3.619047619047619,2,1.7674418604651163
1,65,41,1,3,74.0,4,16,0.0,0,2,2,4.352941176470588,2,1.8048780487804879
1,49,51,1,27,63.0,4,19,0.0,0,5,2,3.15,3,1.2352941176470589
3,47,41,1,0,36.0,4,8,0.0,0,2,4,4.0,2,0.8780487804878049
3,9,34,1,9,33.0,2,8,0.0,1,4,1,3.6666666666666665,2,0.9705882352941176
1,5,36,0,14,29.0,2,9,0.0,1,1,3,2.9,2,0.8055555555555556
2,30,34,1,4,27.0,2,1,0.0,0,5,1,13.5,2,0.7941176470588235
1,56,52,1,28,49.0,2,12,0.0,0,4,2,3.769230769230769,3,0.9423076923076923
3,10,22,0,0,24.0,4,0,0.0,0,1,4,24.0,2,1.0909090909090908
1,7,26,1,3,26.0,2,2,0.0,0,5,1,8.666666666666666,2,1.0
1,52,27,0,6,47.0,3,5,0.0,0,2,1,7.833333333333333,2,1.7407407407407407
2,36,45,1,1,94.0,2,18,0.0,1,5,1,4.947368421052632,2,2.088888888888889
3,27,34,0,8,21.0,3,4,0.0,1,1,2,4.2,2,0.6176470588235294
1,58,62,1,36,27.0,1,0,0.0,0,2,1,27.0,3,0.43548387096774194
2,41,52,0,27,30.0,2,2,0.0,1,1,3,10.0,3,0.5769230769230769
2,47,40,1,16,127.0,4,12,0.0,1,4,2,9.76923076923077,2,3.175
2,55,39,1,15,137.0,2,20,0.0,1,2,3,6.523809523809524,2,3.5128205128205128
2,56,50,1,1,80.0,2,24,0.0,1,4,4,3.2,2,1.6
3,35,55,0,24,30.0,2,2,0.0,0,1,1,10.0,3,0.5454545454545454
2,69,51,1,11,438.0,4,23,0.0,1,2,4,18.25,3,8.588235294117647
2,44,39,0,16,79.0,2,16,0.0,0,1,4,4.647058823529412,2,2.0256410256410255
3,36,47,1,16,63.0,1,23,0.0,0,2,1,2.625,2,1.3404255319148937
3,28,51,1,22,40.0,3,10,0.0,1,6,3,3.6363636363636362,3,0.7843137254901961
1,72,67,1,44,51.0,1,34,1.0,0,2,3,1.457142857142857,4,0.7611940298507462
1,16,27,0,5,37.0,3,5,0.0,0,4,1,6.166666666666667,2,1.3703703703703705
3,3,43,0,19,61.0,4,11,0.0,1,1,1,5.083333333333333,2,1.4186046511627908
1,40,57,1,15,22.0,2,9,0.0,0,2,1,2.2,3,0.38596491228070173
3,16,39,0,6,44.0,4,3,0.0,1,1,2,11.0,2,1.1282051282051282
1,20,42,0,4,17.0,3,5,0.0,0,1,1,2.8333333333333335,2,0.40476190476190477
2,48,43,0,13,110.0,5,15,0.0,1,3,2,6.875,2,2.558139534883721
2,64,48,1,13,91.0,2,24,0.0,0,2,3,3.64,2,1.8958333333333333
1,8,46,0,3,46.0,2,8,0.0,0,1,1,5.111111111111111,2,1.0
1,40,38,1,10,85.0,3,12,0.0,0,2,3,6.538461538461538,2,2.236842105263158
2,38,71,0,27,10.0,2,12,1.0,0,1,1,0.7692307692307693,4,0.14084507042253522
1,67,68,0,28,244.0,1,47,0.0,1,1,3,5.083333333333333,4,3.588235294117647
1,26,42,0,0,80.0,4,15,0.0,1,1,4,5.0,2,1.9047619047619047
3,41,34,1,15,83.0,5,1,0.0,1,2,4,41.5,2,2.4411764705882355
2,2,31,0,2,21.0,1,6,0.0,0,1,1,3.0,2,0.6774193548387096
3,20,48,1,29,24.0,2,3,0.0,0,2,4,6.0,2,0.5
2,31,53,0,2,351.0,3,31,0.0,1,1,3,10.96875,3,6.622641509433962
2,45,52,1,4,169.0,4,29,0.0,1,4,2,5.633333333333334,3,3.25
2,33,27,1,7,46.0,2,7,0.0,0,4,1,5.75,2,1.7037037037037037
1,10,26,0,6,34.0,3,3,0.0,0,1,2,8.5,2,1.3076923076923077
2,62,54,1,2,50.0,4,3,0.0,0,2,4,12.5,3,0.9259259259259259
2,4,35,0,16,161.0,5,6,0.0,1,1,4,23.0,2,4.6
1,42,47,1,17,212.0,4,17,0.0,0,2,3,11.777777777777779,2,4.51063829787234
3,27,51,1,3,80.0,5,11,0.0,0,3,2,6.666666666666667,3,1.5686274509803921
2,38,42,0,1,30.0,4,7,0.0,1,1,1,3.75,2,0.7142857142857143
3,52,61,1,3,53.0,5,1,0.0,1,2,2,26.5,3,0.8688524590163934
3,35,33,0,9,73.0,5,4,0.0,1,1,4,14.6,2,2.212121212121212
3,3,20,1,1,17.0,2,0,0.0,1,4,1,17.0,1,0.85
2,17,33,0,9,23.0,5,3,0.0,0,1,4,5.75,2,0.696969696969697
1,55,53,1,21,34.0,1,8,0.0,0,2,3,3.7777777777777777,3,0.6415094339622641
3,43,36,1,5,107.0,1,19,0.0,1,3,2,5.35,2,2.9722222222222223
2,47,25,1,5,21.0,1,1,0.0,1,2,3,10.5,2,0.84
3,65,58,0,30,83.0,2,16,0.0,1,1,2,4.882352941176471,3,1.4310344827586208
1,13,20,0,1,17.0,3,0,0.0,0,5,4,17.0,1,0.85
3,64,25,1,4,76.0,3,2,0.0,1,6,3,25.333333333333332,2,3.04
2,12,24,0,2,19.0,1,0,0.0,0,1,3,19.0,2,0.7916666666666666
1,29,32,1,0,49.0,4,3,0.0,1,3,2,12.25,2,1.53125
2,23,47,0,21,173.0,3,22,0.0,1,1,2,7.521739130434782,2,3.6808510638297873
2,14,35,0,4,47.0,3,10,0.0,1,1,2,4.2727272727272725,2,1.3428571428571427
1,35,61,0,23,41.0,2,11,0.0,0,1,1,3.4166666666666665,3,0.6721311475409836
3,26,39,0,8,105.0,3,13,0.0,1,1,4,7.5,2,2.6923076923076925
1,13,54,0,2,31.0,4,2,0.0,0,1,1,10.333333333333334,3,0.5740740740740741
2,69,40,1,13,41.0,2,17,0.0,0,3,2,2.2777777777777777,2,1.025
3,61,50,1,30,102.0,4,9,0.0,1,3,2,10.2,2,2.04
2,45,22,1,2,36.0,4,0,0.0,1,5,2,36.0,2,1.6363636363636365
2,3,37,0,13,24.0,1,3,0.0,1,1,1,6.0,2,0.6486486486486487
2,53,22,0,1,25.0,4,0,0.0,0,2,2,25.0,2,1.1363636363636365
1,59,42,0,1,68.0,2,21,0.0,1,1,3,3.090909090909091,2,1.619047619047619
1,13,34,0,11,20.0,3,0,0.0,1,1,1,20.0,2,0.5882352941176471
3,31,31,0,4,48.0,1,15,0.0,0,1,3,3.0,2,1.5483870967741935
1,40,29,1,6,40.0,2,8,0.0,1,5,3,4.444444444444445,2,1.3793103448275863
1,48,55,0,15,79.0,1,25,0.0,0,1,3,3.0384615384615383,3,1.4363636363636363
3,3,31,0,1,28.0,1,0,0.0,0,1,1,28.0,2,0.9032258064516129
2,51,48,0,12,64.0,2,22,0.0,1,1,1,2.782608695652174,2,1.3333333333333333
3,33,41,0,15,37.0,2,11,0.0,0,1,1,3.0833333333333335,2,0.9024390243902439
3,14,47,1,7,48.0,1,13,0.0,0,2,1,3.4285714285714284,2,1.0212765957446808
1,17,42,1,6,131.0,5,6,0.0,0,3,2,18.714285714285715,2,3.119047619047619
3,19,29,1,9,18.0,2,2,0.0,0,3,1,6.0,2,0.6206896551724138
2,58,36,0,10,38.0,2,14,0.0,1,1,2,2.533333333333333,2,1.0555555555555556
3,22,23,0,3,37.0,2,4,0.0,1,3,4,7.4,2,1.608695652173913
2,29,31,1,1,60.0,4,6,0.0,0,5,2,8.571428571428571,2,1.935483870967742
3,14,22,1,2,13.0,3,0,0.0,1,4,2,13.0,2,0.5909090909090909
2,70,64,1,18,98.0,1,31,0.0,1,2,4,3.0625,3,1.53125
1,62,52,1,2,195.0,1,23,0.0,0,2,3,8.125,3,3.75
2,7,35,1,0,47.0,1,14,0.0,0,5,1,3.1333333333333333,2,1.3428571428571427
1,56,47,1,19,65.0,2,22,0.0,0,3,4,2.8260869565217392,2,1.3829787234042554
1,50,50,1,22,150.0,5,5,0.0,1,4,2,25.0,2,3.0
2,57,39,0,6,106.0,5,8,0.0,0,1,3,11.777777777777779,2,2.717948717948718
3,2,40,0,19,51.0,4,14,0.0,1,1,1,3.4,2,1.275
2,40,38,0,17,96.0,4,0,0.0,1,1,1,96.0,2,2.526315789473684
2,6,43,0,4,33.0,5,7,0.0,0,2,3,4.125,2,0.7674418604651163
3,23,25,1,6,38.0,2,1,0.0,1,3,3,19.0,2,1.52
3,11,32,0,6,125.0,4,5,0.0,0,1,4,20.833333333333332,2,3.90625
1,29,37,1,13,145.0,5,0,0.0,1,4,4,145.0,2,3.918918918918919
1,42,44,1,2,99.0,2,21,0.0,0,3,3,4.5,2,2.25
1,20,34,1,2,22.0,4,0,0.0,1,3,4,22.0,2,0.6470588235294118
2,72,60,1,21,31.0,1,38,1.0,0,2,2,0.7948717948717948,3,0.5166666666666667
1,2,36,0,3,25.0,1,6,0.0,1,1,3,3.5714285714285716,2,0.6944444444444444
3,46,25,0,5,57.0,5,0,0.0,1,2,1,57.0,2,2.28
2,39,51,1,21,41.0,5,20,0.0,0,6,4,1.9523809523809523,3,0.803921568627451
3,24,25,1,1,20.0,3,1,0.0,1,2,2,10.0,2,0.8
3,59,43,1,4,101.0,2,22,0.0,1,5,2,4.391304347826087,2,2.3488372093023258
1,65,37,0,8,56.0,2,15,0.0,0,1,2,3.5,2,1.5135135135135136
2,50,27,1,5,22.0,2,5,0.0,1,3,1,3.6666666666666665,2,0.8148148148148148
1,57,37,0,11,108.0,4,9,0.0,1,1,3,10.8,2,2.918918918918919
3,61,48,0,14,115.0,4,20,0.0,1,1,4,5.476190476190476,2,2.3958333333333335
3,34,54,0,31,53.0,4,22,0.0,0,1,4,2.3043478260869565,3,0.9814814814814815
3,38,53,0,13,242.0,4,12,0.0,0,1,4,18.615384615384617,3,4.566037735849057
1,3,24,1,2,20.0,2,3,0.0,1,5,3,5.0,2,0.8333333333333334
2,4,47,0,5,123.0,4,11,0.0,0,1,1,10.25,2,2.617021276595745
2,15,35,0,0,34.0,1,12,0.0,0,1,1,2.6153846153846154,2,0.9714285714285714
1,25,29,1,8,31.0,4,3,0.0,1,5,2,7.75,2,1.0689655172413792
3,21,44,0,25,47.0,1,12,0.0,1,2,3,3.6153846153846154,2,1.0681818181818181
3,50,37,1,11,48.0,3,8,0.0,1,2,3,5.333333333333333,2,1.2972972972972974
2,65,64,1,22,13.0,2,5,1.0,1,3,3,2.1666666666666665,3,0.203125
2,59,52,1,18,78.0,1,25,0.0,0,2,1,3.0,3,1.5
3,29,26,0,7,34.0,1,7,0.0,1,2,3,4.25,2,1.3076923076923077
1,60,46,0,17,81.0,5,9,0.0,1,1,2,8.1,2,1.7608695652173914
1,71,45,1,14,86.0,2,25,0.0,0,2,2,3.3076923076923075,2,1.9111111111111112
3,38,27,1,0,26.0,4,2,0.0,0,4,4,8.666666666666666,2,0.9629629629629629
3,16,34,1,5,51.0,2,8,0.0,1,5,1,5.666666666666667,2,1.5
3,7,31,0,10,59.0,3,10,0.0,0,1,1,5.363636363636363,2,1.903225806451613
1,59,53,0,21,112.0,4,16,0.0,0,1,2,6.588235294117647,3,2.1132075471698113
2,22,56,1,14,57.0,4,28,0.0,0,2,4,1.9655172413793103,3,1.0178571428571428
1,18,48,1,20,41.0,1,2,0.0,1,2,1,13.666666666666666,2,0.8541666666666666
2,64,46,1,19,168.0,2,26,0.0,1,2,4,6.222222222222222,2,3.652173913043478
2,7,33,0,4,29.0,4,4,0.0,1,3,1,5.8,2,0.8787878787878788
3,65,58,0,13,167.0,2,14,0.0,1,2,2,11.133333333333333,3,2.8793103448275863
3,7,24,0,5,29.0,2,3,0.0,0,3,1,7.25,2,1.2083333333333333
1,64,55,0,28,104.0,1,26,0.0,1,1,3,3.8518518518518516,3,1.8909090909090909
3,42,22,1,0,46.0,4,0,0.0,0,2,4,46.0,2,2.090909090909091
3,33,26,0,5,46.0,4,1,0.0,1,3,4,23.0,2,1.7692307692307692
1,3,33,0,8,51.0,4,0,0.0,1,1,1,51.0,2,1.5454545454545454
2,69,42,1,11,65.0,2,18,0.0,0,2,4,3.4210526315789473,2,1.5476190476190477
2,9,33,0,1,48.0,2,13,0.0,0,2,1,3.4285714285714284,2,1.4545454545454546
3,22,34,1,1,46.0,3,1,0.0,0,4,2,23.0,2,1.3529411764705883
2,53,63,1,15,43.0,2,18,0.0,0,2,2,2.263157894736842,3,0.6825396825396826
3,71,53,0,30,110.0,1,34,0.0,0,1,2,3.142857142857143,3,2.0754716981132075
3,24,26,0,2,32.0,3,2,0.0,0,3,1,10.666666666666666,2,1.2307692307692308
3,12,22,1,1,18.0,3,0,0.0,1,2,1,18.0,2,0.8181818181818182
1,25,39,1,1,26.0,4,0,0.0,0,4,2,26.0,2,0.6666666666666666
3,63,28,1,9,34.0,2,10,0.0,1,6,3,3.090909090909091,2,1.2142857142857142
1,33,54,1,18,57.0,4,4,0.0,1,3,3,11.4,3,1.0555555555555556
2,57,54,1,20,21.0,2,0,0.0,1,3,1,21.0,3,0.3888888888888889
3,13,33,0,7,38.0,3,10,0.0,1,1,4,3.4545454545454546,2,1.1515151515151516
1,13,21,0,2,19.0,3,0,0.0,1,1,2,19.0,1,0.9047619047619048
1,71,39,0,2,40.0,3,17,0.0,0,1,3,2.2222222222222223,2,1.0256410256410255
3,18,69,1,11,58.0,3,8,0.0,0,2,4,6.444444444444445,4,0.8405797101449275
1,17,51,1,10,95.0,2,15,0.0,1,2,1,5.9375,3,1.8627450980392157
2,22,43,0,4,114.0,2,19,0.0,0,1,1,5.7,2,2.6511627906976742
2,65,65,1,27,128.0,3,24,0.0,0,2,3,5.12,3,1.9692307692307693
3,7,40,0,9,33.0,4,2,0.0,1,1,1,11.0,2,0.825
3,72,66,0,30,460.0,4,41,0.0,1,1,4,10.952380952380953,4,6.96969696969697
1,35,43,0,12,224.0,3,17,0.0,0,1,1,12.444444444444445,2,5.209302325581396
1,24,39,0,2,122.0,4,12,0.0,0,3,4,9.384615384615385,2,3.128205128205128
1,64,24,1,0,23.0,3,1,0.0,1,5,2,11.5,2,0.9583333333333334
2,63,63,1,19,191.0,3,27,0.0,0,2,2,6.821428571428571,3,3.0317460317460316
1,38,31,1,7,187.0,4,6,0.0,0,3,4,26.714285714285715,2,6.032258064516129
2,29,37,1,9,119.0,3,12,0.0,0,3,1,9.153846153846153,2,3.2162162162162162
1,72,69,1,49,44.0,2,44,1.0,1,2,3,0.9777777777777777,4,0.6376811594202898
1,10,27,1,2,15.0,3,2,0.0,1,2,4,5.0,2,0.5555555555555556
3,72,64,0,41,674.0,4,37,0.0,1,1,3,17.736842105263158,3,10.53125
3,52,23,1,4,33.0,4,0,0.0,1,2,3,33.0,2,1.434782608695652
3,13,55,0,3,250.0,2,35,0.0,1,2,1,6.944444444444445,3,4.545454545454546
1,3,33,0,6,64.0,4,0,0.0,0,2,1,64.0,2,1.9393939393939394
3,39,24,1,2,26.0,2,4,0.0,0,4,1,5.2,2,1.0833333333333333
2,28,29,0,4,23.0,3,5,0.0,0,2,2,3.8333333333333335,2,0.7931034482758621
2,46,42,0,9,52.0,4,7,0.0,0,3,2,6.5,2,1.2380952380952381
2,62,46,0,27,200.0,3,9,0.0,1,1,1,20.0,2,4.3478260869565215
2,23,33,1,7,28.0,1,4,0.0,0,2,3,5.6,2,0.8484848484848485
3,23,25,1,5,19.0,5,0,0.0,0,3,4,19.0,2,0.76
2,72,61,1,39,76.0,3,21,0.0,0,2,4,3.4545454545454546,3,1.2459016393442623
3,56,60,0,26,70.0,2,20,0.0,0,1,1,3.3333333333333335,3,1.1666666666666667
1,8,30,0,1,34.0,2,9,0.0,1,1,3,3.4,2,1.1333333333333333
3,3,36,0,7,34.0,5,3,0.0,1,3,4,8.5,2,0.9444444444444444
3,37,37,0,7,172.0,3,13,0.0,0,1,1,12.285714285714286,2,4.648648648648648
3,37,53,1,13,48.0,1,10,0.0,0,3,3,4.363636363636363,3,0.9056603773584906
2,6,30,0,9,45.0,2,2,0.0,1,1,1,15.0,2,1.5
1,48,47,0,9,72.0,3,13,0.0,0,5,4,5.142857142857143,2,1.5319148936170213
2,43,43,1,3,55.0,4,18,0.0,1,4,4,2.8947368421052633,2,1.2790697674418605
2,21,29,0,7,40.0,4,2,0.0,1,4,1,13.333333333333334,2,1.3793103448275863
3,6,33,0,12,26.0,3,0,0.0,0,1,3,26.0,2,0.7878787878787878
2,69,51,0,18,96.0,1,33,0.0,0,4,3,2.823529411764706,3,1.8823529411764706
1,22,33,0,9,54.0,1,10,0.0,0,1,3,4.909090909090909,2,1.6363636363636365
1,28,40,1,1,47.0,2,9,0.0,1,3,3,4.7,2,1.175
1,71,47,1,23,142.0,1,30,0.0,0,2,2,4.580645161290323,2,3.021276595744681
2,7,37,0,5,57.0,4,1,0.0,0,1,1,28.5,2,1.5405405405405406
1,63,29,0,10,20.0,3,7,0.0,0,2,4,2.5,2,0.6896551724137931
2,53,57,0,25,37.0,1,7,0.0,0,1,2,4.625,3,0.6491228070175439
2,50,52,1,17,36.0,4,16,0.0,0,4,4,2.1176470588235294,3,0.6923076923076923
2,39,31,1,6,24.0,4,2,0.0,0,2,4,8.0,2,0.7741935483870968
3,16,19,0,0,21.0,2,0,0.0,1,1,1,21.0,1,1.105263157894737
3,43,51,1,15,186.0,3,25,0.0,0,2,4,7.153846153846154,3,3.6470588235294117
3,44,31,0,12,30.0,1,7,0.0,1,3,1,3.75,2,0.967741935483871
2,72,66,1,43,96.0,2,16,0.0,1,2,4,5.647058823529412,4,1.4545454545454546
3,61,76,0,39,15.0,1,29,1.0,0,1,3,0.5,4,0.19736842105263158
3,43,21,1,1,25.0,1,4,0.0,0,4,2,5.0,1,1.1904761904761905
3,24,39,0,11,49.0,3,7,0.0,1,1,1,6.125,2,1.2564102564102564
3,64,45,0,4,38.0,2,7,0.0,1,1,3,4.75,2,0.8444444444444444
2,64,38,0,0,29.0,2,2,0.0,0,2,2,9.666666666666666,2,0.7631578947368421
1,24,26,0,7,55.0,2,7,0.0,1,1,1,6.875,2,2.1153846153846154
3,33,55,1,21,64.0,3,10,0.0,1,3,1,5.818181818181818,3,1.1636363636363636
2,33,33,1,12,42.0,4,7,0.0,1,5,2,5.25,2,1.2727272727272727
1,2,40,0,9,134.0,4,2,0.0,0,1,1,44.666666666666664,2,3.35
2,42,48,1,22,82.0,1,21,0.0,1,5,4,3.727272727272727,2,1.7083333333333333
1,52,54,1,5,153.0,5,10,0.0,0,2,2,13.909090909090908,3,2.8333333333333335
1,45,66,0,43,144.0,2,13,0.0,1,1,2,10.285714285714286,4,2.1818181818181817
3,3,25,0,4,22.0,4,0,0.0,0,2,4,22.0,2,0.88
2,37,53,1,16,35.0,1,16,0.0,1,4,3,2.0588235294117645,3,0.660377358490566
2,28,57,0,33,82.0,4,22,0.0,1,1,2,3.5652173913043477,3,1.4385964912280702
3,40,63,1,9,61.0,1,22,0.0,0,2,1,2.652173913043478,3,0.9682539682539683
2,37,33,0,1,102.0,2,12,0.0,0,1,4,7.846153846153846,2,3.090909090909091
3,7,27,0,5,31.0,3,4,0.0,0,5,4,6.2,2,1.1481481481481481
1,71,56,0,23,170.0,1,30,0.0,1,1,4,5.483870967741935,3,3.0357142857142856
2,19,46,0,11,26.0,2,0,0.0,1,1,1,26.0,2,0.5652173913043478
2,61,40,0,15,85.0,3,15,0.0,1,1,3,5.3125,2,2.125
3,70,53,1,16,183.0,2,35,0.0,1,2,2,5.083333333333333,3,3.452830188679245
2,60,55,1,13,67.0,1,18,0.0,1,2,1,3.526315789473684,3,1.2181818181818183
3,48,45,1,5,42.0,1,11,0.0,1,2,1,3.5,2,0.9333333333333333
1,8,63,1,1,31.0,1,9,0.0,0,2,3,3.1,3,0.49206349206349204
2,58,58,1,10,96.0,2,17,0.0,0,4,3,5.333333333333333,3,1.6551724137931034
1,16,24,1,5,24.0,3,2,0.0,0,5,3,8.0,2,1.0
2,33,33,0,4,53.0,2,14,0.0,1,1,1,3.533333333333333,2,1.606060606060606
2,39,25,0,4,18.0,1,0,0.0,1,1,3,18.0,2,0.72
1,62,51,0,10,43.0,4,19,0.0,0,2,2,2.15,3,0.8431372549019608
1,50,34,0,10,104.0,3,9,0.0,0,1,4,10.4,2,3.0588235294117645
2,48,55,0,31,26.0,1,1,0.0,0,1,1,13.0,3,0.4727272727272727
3,31,62,0,5,56.0,2,26,0.0,1,1,3,2.074074074074074,3,0.9032258064516129
2,65,33,1,9,49.0,2,6,0.0,0,5,2,7.0,2,1.4848484848484849
1,36,58,0,34,80.0,1,21,0.0,1,1,2,3.6363636363636362,3,1.3793103448275863
1,61,46,0,5,318.0,3,18,0.0,1,1,3,16.736842105263158,2,6.913043478260869
2,48,42,0,21,35.0,4,5,0.0,0,1,3,5.833333333333333,2,0.8333333333333334
3,35,45,0,17,29.0,1,6,0.0,0,1,1,4.142857142857143,2,0.6444444444444445
1,51,28,0,8,43.0,5,1,0.0,0,5,4,21.5,2,1.5357142857142858
2,49,51,1,5,80.0,5,3,0.0,0,2,4,20.0,3,1.5686274509803921
1,35,39,1,11,30.0,3,2,0.0,1,3,3,10.0,2,0.7692307692307693
1,58,70,0,2,9.0,3,24,1.0,1,1,2,0.36,4,0.12857142857142856
1,23,35,1,0,23.0,2,1,0.0,0,5,3,11.5,2,0.6571428571428571
2,26,39,1,15,58.0,4,9,0.0,1,2,3,5.8,2,1.4871794871794872
1,38,37,1,1,52.0,1,20,0.0,1,4,4,2.4761904761904763,2,1.4054054054054055
1,35,66,1,44,14.0,3,12,1.0,1,2,3,1.0769230769230769,4,0.21212121212121213
2,37,50,0,9,110.0,2,21,0.0,1,1,3,5.0,2,2.2
2,48,43,1,1,60.0,2,12,0.0,0,2,2,4.615384615384615,2,1.3953488372093024
3,13,43,1,1,123.0,3,21,0.0,0,5,4,5.590909090909091,2,2.86046511627907
1,72,63,1,29,15.0,5,31,1.0,0,2,3,0.46875,3,0.23809523809523808
1,30,27,0,4,47.0,4,2,0.0,1,2,2,15.666666666666666,2,1.7407407407407407
1,24,43,0,14,138.0,4,11,0.0,1,1,3,11.5,2,3.2093023255813953
2,25,51,1,20,359.0,3,29,0.0,0,2,4,11.966666666666667,3,7.03921568627451
2,50,52,0,30,214.0,3,22,0.0,0,1,4,9.304347826086957,3,4.115384615384615
2,28,40,0,7,64.0,1,19,0.0,0,1,3,3.2,2,1.6
3,34,51,0,8,50.0,4,14,0.0,0,1,1,3.3333333333333335,3,0.9803921568627451
1,48,32,0,2,88.0,3,9,0.0,0,1,4,8.8,2,2.75
2,42,36,1,8,86.0,2,15,0.0,1,2,2,5.375,2,2.388888888888889
3,67,65,1,30,17.0,1,29,1.0,1,2,3,0.5666666666666667,3,0.26153846153846155
1,17,41,1,7,25.0,2,17,0.0,0,3,3,1.3888888888888888,2,0.6097560975609756
1,29,38,1,19,46.0,2,6,0.0,0,2,2,6.571428571428571,2,1.2105263157894737
3,66,61,0,26,361.0,1,40,0.0,1,1,2,8.804878048780488,3,5.918032786885246
2,1,21,0,1,18.0,3,0,0.0,1,1,1,18.0,1,0.8571428571428571
1,28,33,1,3,14.0,4,1,0.0,0,3,4,7.0,2,0.42424242424242425
1,15,35,1,5,34.0,3,8,0.0,0,2,2,3.7777777777777777,2,0.9714285714285714
2,12,64,0,13,9.0,2,6,1.0,1,1,3,1.2857142857142858,3,0.140625
3,48,49,0,18,39.0,2,5,0.0,1,1,4,6.5,2,0.7959183673469388
2,59,25,1,4,18.0,3,2,0.0,0,4,1,6.0,2,0.72
3,8,26,1,1,25.0,4,1,0.0,0,2,1,12.5,2,0.9615384615384616
1,45,52,0,15,46.0,5,8,0.0,1,1,2,5.111111111111111,3,0.8846153846153846
1,25,39,1,8,94.0,4,11,0.0,1,4,2,7.833333333333333,2,2.41025641025641
1,21,44,1,4,26.0,3,2,0.0,0,2,4,8.666666666666666,2,0.5909090909090909
2,17,68,1,1,335.0,1,35,0.0,1,3,4,9.305555555555555,4,4.926470588235294
2,41,45,0,14,25.0,3,6,0.0,0,1,1,3.5714285714285716,2,0.5555555555555556
1,13,45,1,3,99.0,3,8,0.0,1,2,3,11.0,2,2.2
2,1,26,1,3,30.0,2,7,0.0,1,5,1,3.75,2,1.1538461538461537
3,3,31,1,4,35.0,2,2,0.0,1,3,4,11.666666666666666,2,1.1290322580645162
1,23,27,1,2,51.0,5,1,0.0,1,2,1,25.5,2,1.8888888888888888
3,26,42,0,20,49.0,3,13,0.0,0,1,4,3.5,2,1.1666666666666667
1,37,51,1,15,54.0,1,15,0.0,0,3,3,3.375,3,1.0588235294117647
3,5,30,0,3,46.0,4,7,0.0,0,1,2,5.75,2,1.5333333333333334
1,32,27,1,3,91.0,4,1,0.0,1,3,4,45.5,2,3.3703703703703702
3,12,22,0,1,23.0,4,0,0.0,0,2,1,23.0,2,1.0454545454545454
1,72,54,1,6,345.0,1,32,0.0,0,2,3,10.454545454545455,3,6.388888888888889
3,3,25,1,2,45.0,4,0,0.0,1,2,1,45.0,2,1.8
1,54,43,0,12,53.0,2,12,0.0,0,1,3,4.076923076923077,2,1.2325581395348837
2,26,26,0,2,14.0,2,6,0.0,1,1,4,2.0,2,0.5384615384615384
3,14,36,0,13,67.0,5,4,0.0,1,1,1,13.4,2,1.8611111111111112
3,22,51,0,27,49.0,3,1,0.0,0,1,1,24.5,3,0.9607843137254902
3,65,47,1,18,37.0,1,15,0.0,1,4,1,2.3125,2,0.7872340425531915
3,26,45,0,18,33.0,1,9,0.0,0,1,1,3.3,2,0.7333333333333333
1,20,37,0,5,46.0,3,10,0.0,1,4,4,4.181818181818182,2,1.2432432432432432
2,67,60,1,32,93.0,1,21,0.0,0,4,2,4.2272727272727275,3,1.55
1,34,55,0,2,48.0,2,11,0.0,0,1,1,4.0,3,0.8727272727272727
1,37,54,1,35,183.0,2,22,0.0,0,3,3,7.956521739130435,3,3.388888888888889
2,22,23,1,3,16.0,1,5,0.0,0,4,1,2.6666666666666665,2,0.6956521739130435
2,5,69,0,0,11.0,2,14,1.0,0,1,1,0.7333333333333333,4,0.15942028985507245
1,28,31,1,0,42.0,4,5,0.0,1,3,3,7.0,2,1.3548387096774193
1,20,41,1,7,67.0,4,14,0.0,1,4,1,4.466666666666667,2,1.6341463414634145
3,72,41,0,20,181.0,4,12,0.0,0,1,4,13.923076923076923,2,4.414634146341464
2,30,43,0,18,53.0,4,6,0.0,0,1,1,7.571428571428571,2,1.2325581395348837
3,71,52,0,17,172.0,2,32,0.0,0,1,4,5.212121212121212,3,3.3076923076923075
2,56,44,0,24,87.0,2,19,0.0,0,1,3,4.35,2,1.9772727272727273
1,8,29,1,2,21.0,5,0,0.0,0,2,1,21.0,2,0.7241379310344828
2,32,65,0,6,9.0,2,30,1.0,1,1,2,0.2903225806451613,3,0.13846153846153847
2,46,47,0,22,144.0,3,22,0.0,1,2,3,6.260869565217392,2,3.0638297872340425
3,60,45,1,23,117.0,4,11,0.0,0,3,4,9.75,2,2.6
2,42,32,1,0,59.0,4,4,0.0,1,6,4,11.8,2,1.84375
3,71,60,1,39,508.0,4,35,0.0,0,4,4,14.11111111111111,3,8.466666666666667
2,72,63,1,40,222.0,2,43,1.0,1,2,3,5.045454545454546,3,3.5238095238095237
3,45,66,0,11,87.0,3,25,1.0,1,1,1,3.3461538461538463,4,1.3181818181818181
3,5,31,0,4,34.0,1,9,0.0,0,1,3,3.4,2,1.096774193548387
2,17,38,1,19,18.0,4,0,0.0,1,4,2,18.0,2,0.47368421052631576
2,70,55,0,12,65.0,3,24,0.0,0,1,3,2.6,3,1.1818181818181819
3,57,57,1,19,130.0,3,27,0.0,1,2,2,4.642857142857143,3,2.280701754385965
1,20,33,0,13,44.0,3,8,0.0,1,1,2,4.888888888888889,2,1.3333333333333333
1,72,52,1,21,63.0,1,24,0.0,0,3,3,2.52,3,1.2115384615384615
3,32,50,0,28,57.0,4,20,0.0,0,1,3,2.7142857142857144,2,1.14
3,22,57,1,7,264.0,1,35,0.0,1,2,3,7.333333333333333,3,4.631578947368421
2,6,24,0,2,28.0,1,5,0.0,0,2,3,4.666666666666667,2,1.1666666666666667
3,32,23,1,2,26.0,3,1,0.0,1,6,4,13.0,2,1.1304347826086956
1,38,33,0,3,38.0,4,0,0.0,0,1,2,38.0,2,1.1515151515151516
1,53,35,0,15,59.0,3,5,0.0,1,1,3,9.833333333333334,2,1.6857142857142857
3,37,76,0,38,117.0,4,21,0.0,1,1,1,5.318181818181818,4,1.5394736842105263
1,47,35,1,13,70.0,4,9,0.0,1,2,4,7.0,2,2.0
3,69,59,0,37,104.0,2,13,0.0,0,1,3,7.428571428571429,3,1.7627118644067796
3,63,56,0,17,71.0,3,18,0.0,1,1,1,3.736842105263158,3,1.2678571428571428
1,61,34,1,0,70.0,3,7,0.0,1,3,4,8.75,2,2.0588235294117645
1,56,38,1,8,56.0,4,10,0.0,0,2,4,5.090909090909091,2,1.4736842105263157
3,40,57,1,18,68.0,1,23,0.0,0,2,3,2.8333333333333335,3,1.1929824561403508
2,61,45,0,21,80.0,2,13,0.0,1,1,2,5.714285714285714,2,1.7777777777777777
2,16,26,0,7,21.0,4,1,0.0,0,6,4,10.5,2,0.8076923076923077
2,7,43,0,4,69.0,3,5,0.0,1,1,1,11.5,2,1.6046511627906976
3,20,31,1,10,39.0,2,3,0.0,1,2,1,9.75,2,1.2580645161290323
2,35,38,0,7,90.0,2,18,0.0,0,4,2,4.7368421052631575,2,2.3684210526315788
1,60,37,1,12,64.0,5,1,0.0,1,2,2,32.0,2,1.7297297297297298
2,47,25,0,2,28.0,2,6,0.0,0,1,4,4.0,2,1.12
2,33,28,1,3,24.0,2,0,0.0,1,6,1,24.0,2,0.8571428571428571
3,12,34,0,2,44.0,2,7,0.0,0,1,1,5.5,2,1.2941176470588236
1,10,31,0,0,32.0,4,7,0.0,1,2,2,4.0,2,1.032258064516129
2,69,33,1,9,52.0,4,9,0.0,1,3,3,5.2,2,1.5757575757575757
1,23,20,0,1,15.0,3,0,0.0,1,1,2,15.0,1,0.75
1,53,31,0,10,46.0,3,6,0.0,0,2,2,6.571428571428571,2,1.4838709677419355
2,60,57,1,14,107.0,2,33,0.0,1,2,3,3.1470588235294117,3,1.8771929824561404
2,33,33,0,7,56.0,2,11,0.0,0,1,1,4.666666666666667,2,1.696969696969697
3,67,40,1,21,40.0,4,7,0.0,1,4,4,5.0,2,1.0
3,15,38,1,5,56.0,3,13,0.0,0,3,3,4.0,2,1.4736842105263157
3,64,31,1,5,46.0,2,7,0.0,1,4,2,5.75,2,1.4838709677419355
2,46,49,1,13,51.0,2,21,0.0,0,2,1,2.3181818181818183,2,1.0408163265306123
2,72,60,1,33,12.0,1,20,1.0,0,3,4,0.5714285714285714,3,0.2
1,61,43,1,6,34.0,5,6,0.0,0,3,4,4.857142857142857,2,0.7906976744186046
3,54,27,0,3,27.0,2,6,0.0,1,5,4,3.857142857142857,2,1.0
3,28,36,0,3,42.0,3,7,0.0,1,1,3,5.25,2,1.1666666666666667
2,28,38,0,8,119.0,5,2,0.0,0,3,4,39.666666666666664,2,3.1315789473684212
2,32,43,0,13,146.0,1,27,0.0,1,1,3,5.214285714285714,2,3.395348837209302
2,52,46,0,17,51.0,2,13,0.0,1,3,2,3.642857142857143,2,1.108695652173913
1,48,62,0,33,86.0,1,22,1.0,1,1,3,3.739130434782609,3,1.3870967741935485
3,52,42,1,17,27.0,3,8,0.0,1,2,3,3.0,2,0.6428571428571429
1,37,43,0,8,38.0,3,9,0.0,0,1,2,3.8,2,0.8837209302325582
1,41,52,0,26,928.0,3,29,0.0,0,3,3,30.933333333333334,3,17.846153846153847
2,43,27,1,3,21.0,2,1,0.0,1,3,2,10.5,2,0.7777777777777778
3,67,60,0,24,24.0,1,6,0.0,1,1,3,3.4285714285714284,3,0.4
3,61,52,1,30,91.0,1,25,0.0,1,2,1,3.5,3,1.75
3,70,39,1,20,38.0,2,8,0.0,1,4,3,4.222222222222222,2,0.9743589743589743
3,44,32,1,1,96.0,4,5,0.0,1,4,4,16.0,2,3.0
3,46,45,0,12,96.0,3,17,0.0,0,1,2,5.333333333333333,2,2.1333333333333333
3,39,34,0,2,54.0,3,5,0.0,0,1,1,9.0,2,1.588235294117647
2,39,59,0,20,1668.0,4,27,0.0,1,1,2,59.57142857142857,3,28.271186440677965
2,50,29,1,10,53.0,4,0,0.0,1,4,4,53.0,2,1.8275862068965518
3,5,31,0,1,21.0,3,1,0.0,1,2,1,10.5,2,0.6774193548387096
2,10,34,0,1,52.0,5,3,0.0,1,1,2,13.0,2,1.5294117647058822
1,72,69,0,45,17.0,3,36,1.0,1,1,2,0.4594594594594595,4,0.2463768115942029
2,68,60,0,40,262.0,2,39,0.0,1,1,3,6.55,3,4.366666666666666
3,58,28,0,5,34.0,5,1,0.0,1,1,2,17.0,2,1.2142857142857142
3,18,44,1,10,107.0,1,19,0.0,1,7,1,5.35,2,2.4318181818181817
1,65,45,1,25,67.0,5,13,0.0,1,2,3,4.785714285714286,2,1.488888888888889
3,8,45,0,1,37.0,4,0,0.0,0,1,2,37.0,2,0.8222222222222222
2,1,20,0,1,21.0,2,0,0.0,1,2,1,21.0,1,1.05
3,42,58,0,7,22.0,1,4,0.0,1,1,2,4.4,3,0.3793103448275862
1,4,25,1,3,71.0,3,3,0.0,1,5,1,17.75,2,2.84
3,17,35,0,4,77.0,3,8,0.0,1,1,3,8.555555555555555,2,2.2
2,8,24,1,1,18.0,4,0,0.0,1,5,4,18.0,2,0.75
1,49,37,1,17,50.0,2,12,0.0,1,2,2,3.8461538461538463,2,1.3513513513513513
1,56,46,1,21,33.0,4,7,0.0,0,2,2,4.125,2,0.717391304347826
1,62,57,1,21,94.0,1,22,0.0,0,2,4,4.086956521739131,3,1.6491228070175439
2,42,57,1,25,209.0,1,40,0.0,1,4,1,5.097560975609756,3,3.6666666666666665
1,13,32,0,7,31.0,4,5,0.0,0,2,3,5.166666666666667,2,0.96875
1,69,46,1,18,66.0,2,19,0.0,0,4,2,3.3,2,1.434782608695652
2,45,59,0,14,51.0,1,15,0.0,0,2,1,3.1875,3,0.864406779661017
2,66,42,1,18,118.0,2,20,0.0,0,2,2,5.619047619047619,2,2.8095238095238093
2,15,35,0,10,25.0,2,3,0.0,0,1,1,6.25,2,0.7142857142857143
1,41,44,1,1,59.0,3,21,0.0,1,3,2,2.6818181818181817,2,1.3409090909090908
2,11,20,0,1,20.0,2,0,0.0,1,1,4,20.0,1,1.0
3,45,30,1,0,63.0,5,4,0.0,0,4,4,12.6,2,2.1
1,52,62,0,23,36.0,4,17,0.0,0,1,1,2.0,3,0.5806451612903226
1,42,56,0,24,72.0,4,18,0.0,1,1,4,3.789473684210526,3,1.2857142857142858
2,48,35,0,11,50.0,1,16,0.0,0,3,3,2.9411764705882355,2,1.4285714285714286
3,4,31,0,5,39.0,2,5,0.0,0,2,4,6.5,2,1.2580645161290323
3,53,64,1,10,54.0,2,20,0.0,1,2,4,2.5714285714285716,3,0.84375
3,1,59,0,4,9.0,1,4,1.0,0,1,3,1.8,3,0.15254237288135594
3,19,30,1,10,33.0,4,1,0.0,0,3,4,16.5,2,1.1
2,33,30,0,11,28.0,1,9,0.0,0,1,1,2.8,2,0.9333333333333333
3,42,36,1,14,44.0,2,11,0.0,0,3,3,3.6666666666666665,2,1.2222222222222223
1,60,32,0,12,34.0,4,4,0.0,1,2,2,6.8,2,1.0625
2,57,51,1,7,68.0,4,18,0.0,1,3,3,3.5789473684210527,3,1.3333333333333333
1,64,39,0,5,37.0,1,9,0.0,0,1,1,3.7,2,0.9487179487179487
2,28,20,1,1,18.0,3,0,0.0,0,3,4,18.0,1,0.9
1,29,35,1,10,55.0,2,7,0.0,0,4,3,6.875,2,1.5714285714285714
1,46,31,1,12,21.0,1,5,0.0,0,5,3,3.5,2,0.6774193548387096
1,22,41,1,9,29.0,3,11,0.0,0,4,1,2.4166666666666665,2,0.7073170731707317
2,10,56,0,26,9.0,2,6,1.0,0,2,1,1.2857142857142858,3,0.16071428571428573
3,50,41,0,16,138.0,2,18,0.0,1,1,2,7.2631578947368425,2,3.3658536585365852
1,55,65,0,34,28.0,4,12,1.0,1,1,4,2.1538461538461537,3,0.4307692307692308
2,15,54,0,7,62.0,1,11,0.0,0,1,1,5.166666666666667,3,1.1481481481481481
1,31,32,1,13,37.0,3,8,0.0,1,3,4,4.111111111111111,2,1.15625
3,5,44,0,5,83.0,1,16,0.0,1,1,2,4.882352941176471,2,1.8863636363636365
2,69,63,0,28,168.0,1,43,0.0,1,2,3,3.8181818181818183,3,2.6666666666666665
2,26,27,1,4,33.0,4,1,0.0,0,6,4,16.5,2,1.2222222222222223
3,10,33,1,2,66.0,3,9,0.0,1,4,1,6.6,2,2.0
1,26,30,0,9,18.0,4,1,0.0,0,3,4,9.0,2,0.6
3,25,30,0,0,20.0,1,4,0.0,1,1,3,4.0,2,0.6666666666666666
3,30,23,1,4,19.0,3,1,0.0,0,4,2,9.5,2,0.8260869565217391
1,21,39,1,7,25.0,2,1,0.0,0,4,3,12.5,2,0.6410256410256411
1,71,46,0,27,119.0,5,7,0.0,1,1,4,14.875,2,2.5869565217391304
3,11,48,1,5,323.0,4,25,0.0,0,4,3,12.423076923076923,2,6.729166666666667
1,24,30,1,7,45.0,1,11,0.0,1,2,1,3.75,2,1.5
1,65,59,1,27,197.0,4,26,0.0,0,2,2,7.296296296296297,3,3.3389830508474576
1,16,34,1,13,56.0,3,10,0.0,1,3,1,5.090909090909091,2,1.6470588235294117
3,37,51,1,26,24.0,4,4,0.0,0,2,2,4.8,3,0.47058823529411764
1,5,30,0,4,25.0,3,6,0.0,0,1,3,3.5714285714285716,2,0.8333333333333334
1,3,55,1,9,26.0,5,0,0.0,1,2,2,26.0,3,0.4727272727272727
1,5,32,0,6,33.0,4,3,0.0,0,2,1,8.25,2,1.03125
1,60,44,1,4,150.0,2,24,0.0,0,2,4,6.0,2,3.409090909090909
2,19,37,1,4,99.0,2,15,0.0,1,3,2,6.1875,2,2.675675675675676
3,54,40,0,19,50.0,4,12,0.0,1,2,4,3.8461538461538463,2,1.25
2,25,41,0,3,81.0,3,20,0.0,1,4,3,3.857142857142857,2,1.975609756097561
2,1,36,0,6,21.0,1,1,0.0,0,2,2,10.5,2,0.5833333333333334
3,54,68,0,7,273.0,3,27,0.0,1,1,1,9.75,4,4.014705882352941
1,14,31,1,9,39.0,3,4,0.0,1,7,1,7.8,2,1.2580645161290323
3,14,28,1,7,17.0,2,3,0.0,0,4,1,4.25,2,0.6071428571428571
2,10,45,1,8,115.0,3,17,0.0,1,4,2,6.388888888888889,2,2.5555555555555554
1,7,23,0,3,27.0,2,1,0.0,1,3,1,13.5,2,1.173913043478261
2,33,45,0,24,35.0,1,6,0.0,0,1,3,5.0,2,0.7777777777777778
1,3,23,0,2,20.0,2,4,0.0,0,1,1,4.0,2,0.8695652173913043
2,56,58,1,3,92.0,1,25,0.0,0,3,1,3.5384615384615383,3,1.5862068965517242
2,54,56,0,8,207.0,2,35,0.0,1,1,3,5.75,3,3.6964285714285716
1,72,55,1,28,40.0,1,11,0.0,0,5,2,3.3333333333333335,3,0.7272727272727273
1,18,29,0,4,40.0,2,1,0.0,0,1,3,20.0,2,1.3793103448275863
3,25,29,0,9,55.0,4,1,0.0,0,1,1,27.5,2,1.896551724137931
1,42,62,0,26,26.0,1,35,1.0,1,1,1,0.7222222222222222,3,0.41935483870967744
3,4,37,0,2,41.0,2,8,0.0,0,1,1,4.555555555555555,2,1.1081081081081081
2,12,50,1,16,203.0,4,25,0.0,0,2,1,7.8076923076923075,2,4.06
2,53,64,1,17,380.0,2,36,0.0,1,2,3,10.27027027027027,3,5.9375
2,13,38,1,8,104.0,4,6,0.0,0,7,4,14.857142857142858,2,2.736842105263158
3,18,31,1,12,24.0,3,4,0.0,0,4,2,4.8,2,0.7741935483870968
3,67,42,1,20,81.0,3,20,0.0,1,5,4,3.857142857142857,2,1.9285714285714286
2,6,24,0,2,17.0,1,1,0.0,0,1,3,8.5,2,0.7083333333333334
1,25,46,0,13,45.0,1,12,0.0,1,1,3,3.4615384615384617,2,0.9782608695652174
2,15,39,0,19,32.0,2,2,0.0,0,1,2,10.666666666666666,2,0.8205128205128205
3,32,35,0,12,57.0,4,5,0.0,0,1,2,9.5,2,1.6285714285714286
2,22,39,0,0,63.0,4,9,0.0,0,1,2,6.3,2,1.6153846153846154
2,8,22,0,3,25.0,4,0,0.0,0,1,3,25.0,2,1.1363636363636365
1,3,31,1,4,22.0,1,1,0.0,0,2,1,11.0,2,0.7096774193548387
2,32,54,0,6,155.0,2,20,0.0,0,1,1,7.380952380952381,3,2.8703703703703702
1,49,54,0,24,30.0,2,5,0.0,0,1,2,5.0,3,0.5555555555555556
2,2,28,0,7,46.0,3,0,0.0,1,1,4,46.0,2,1.6428571428571428
1,39,47,0,1,68.0,4,10,0.0,1,2,2,6.181818181818182,2,1.446808510638298
1,42,33,0,2,67.0,2,5,0.0,0,2,2,11.166666666666666,2,2.0303030303030303
1,28,36,0,3,69.0,3,2,0.0,0,1,4,23.0,2,1.9166666666666667
2,41,46,1,14,47.0,2,11,0.0,0,5,4,3.9166666666666665,2,1.0217391304347827
3,67,50,1,31,83.0,2,12,0.0,0,2,2,6.384615384615385,2,1.66
1,38,40,0,15,34.0,2,11,0.0,1,1,2,2.8333333333333335,2,0.85
2,18,38,0,8,45.0,2,2,0.0,1,4,4,15.0,2,1.1842105263157894
2,6,42,1,17,29.0,2,2,0.0,1,2,4,9.666666666666666,2,0.6904761904761905
2,4,36,0,0,21.0,2,1,0.0,1,3,1,10.5,2,0.5833333333333334
1,13,23,1,3,30.0,3,0,0.0,1,4,4,30.0,2,1.3043478260869565
1,20,35,0,0,78.0,4,7,0.0,0,1,4,9.75,2,2.2285714285714286
1,34,49,1,27,61.0,3,15,0.0,1,2,3,3.8125,2,1.2448979591836735
1,46,29,1,4,90.0,5,3,0.0,0,4,4,22.5,2,3.103448275862069
1,48,41,0,21,43.0,2,7,0.0,0,1,2,5.375,2,1.048780487804878
3,69,61,1,12,301.0,2,37,0.0,0,2,3,7.921052631578948,3,4.934426229508197
1,32,34,1,7,32.0,2,15,0.0,0,4,1,2.0,2,0.9411764705882353
1,29,29,0,9,41.0,2,9,0.0,0,2,2,4.1,2,1.4137931034482758
3,55,52,0,22,127.0,1,28,0.0,1,3,2,4.379310344827586,3,2.4423076923076925
3,72,60,1,36,271.0,1,43,0.0,1,2,3,6.159090909090909,3,4.516666666666667
3,29,26,0,1,32.0,3,2,0.0,1,1,1,10.666666666666666,2,1.2307692307692308
2,50,25,1,1,36.0,4,2,0.0,1,5,4,12.0,2,1.44
3,35,50,1,11,293.0,3,21,0.0,0,2,1,13.318181818181818,2,5.86
3,11,63,0,9,41.0,3,3,0.0,0,1,1,10.25,3,0.6507936507936508
1,9,29,0,9,39.0,3,5,0.0,1,1,1,6.5,2,1.3448275862068966
2,51,48,0,27,58.0,1,18,0.0,0,1,3,3.0526315789473686,2,1.2083333333333333
1,33,34,1,2,28.0,1,3,0.0,1,3,2,7.0,2,0.8235294117647058
1,25,20,0,0,15.0,2,0,0.0,0,2,3,15.0,1,0.75
3,31,34,0,9,105.0,4,7,0.0,1,4,3,13.125,2,3.088235294117647
2,67,40,1,10,80.0,4,8,0.0,1,2,4,8.88888888888889,2,2.0
3,55,45,0,8,36.0,2,9,0.0,0,3,3,3.6,2,0.8
3,19,50,0,7,112.0,4,3,0.0,1,1,4,28.0,2,2.24
1,39,34,1,11,55.0,4,10,0.0,1,4,4,5.0,2,1.6176470588235294
2,52,35,1,8,40.0,4,1,0.0,0,2,3,20.0,2,1.1428571428571428
3,55,37,1,15,23.0,2,0,0.0,1,5,3,23.0,2,0.6216216216216216
2,25,62,0,27,28.0,4,33,1.0,1,1,4,0.8235294117647058,3,0.45161290322580644
3,33,58,0,12,21.0,2,23,1.0,1,1,1,0.875,3,0.3620689655172414
2,48,35,0,5,63.0,4,12,0.0,0,2,3,4.846153846153846,2,1.8
2,48,31,1,12,52.0,4,3,0.0,0,3,4,13.0,2,1.6774193548387097
2,49,57,0,3,189.0,1,31,0.0,1,3,1,5.90625,3,3.3157894736842106
3,54,32,1,0,50.0,1,15,0.0,0,3,3,3.125,2,1.5625
1,45,32,1,9,23.0,1,15,0.0,0,4,1,1.4375,2,0.71875
3,4,37,1,1,33.0,2,15,0.0,1,5,1,2.0625,2,0.8918918918918919
3,49,27,1,3,29.0,3,6,0.0,1,3,2,4.142857142857143,2,1.0740740740740742
2,23,35,0,2,96.0,3,4,0.0,0,1,4,19.2,2,2.742857142857143
2,31,44,0,23,80.0,5,15,0.0,0,1,2,5.0,2,1.8181818181818181
2,55,44,1,2,68.0,2,15,0.0,0,5,3,4.25,2,1.5454545454545454
1,9,28,0,7,30.0,1,4,0.0,1,6,1,6.0,2,1.0714285714285714
2,55,57,1,25,34.0,2,12,0.0,0,3,1,2.6153846153846154,3,0.5964912280701754
1,34,30,0,3,35.0,2,2,0.0,1,3,3,11.666666666666666,2,1.1666666666666667
1,10,23,0,4,36.0,2,1,0.0,0,3,3,18.0,2,1.565217391304348
2,62,76,0,20,35.0,3,18,1.0,1,1,2,1.8421052631578947,4,0.4605263157894737
2,51,36,0,13,62.0,3,9,0.0,0,2,4,6.2,2,1.7222222222222223
1,65,48,0,28,94.0,1,25,0.0,0,1,2,3.6153846153846154,2,1.9583333333333333
3,53,33,0,1,60.0,1,6,0.0,0,2,4,8.571428571428571,2,1.8181818181818181
1,23,35,0,4,118.0,2,11,0.0,0,1,1,9.833333333333334,2,3.3714285714285714
3,1,30,0,3,135.0,4,3,0.0,0,3,1,33.75,2,4.5
3,66,55,0,20,80.0,2,24,0.0,1,1,3,3.2,3,1.4545454545454546
3,8,27,1,0,21.0,3,3,0.0,1,2,2,5.25,2,0.7777777777777778
3,18,28,1,3,22.0,1,2,0.0,1,5,1,7.333333333333333,2,0.7857142857142857
3,36,32,1,3,63.0,4,7,0.0,0,4,2,7.875,2,1.96875
1,13,40,0,16,142.0,2,18,0.0,1,1,1,7.473684210526316,2,3.55
3,4,44,0,15,32.0,3,0,0.0,1,1,3,32.0,2,0.7272727272727273
3,20,32,0,10,19.0,3,5,0.0,0,1,2,3.1666666666666665,2,0.59375
1,66,39,1,12,60.0,4,10,0.0,0,3,4,5.454545454545454,2,1.5384615384615385
3,67,47,1,7,97.0,1,23,0.0,0,4,3,4.041666666666667,2,2.0638297872340425
1,11,24,1,0,31.0,2,3,0.0,1,4,4,7.75,2,1.2916666666666667
1,6,26,0,7,30.0,3,1,0.0,1,2,1,15.0,2,1.1538461538461537
2,13,23,1,4,31.0,1,5,0.0,1,4,1,5.166666666666667,2,1.3478260869565217
2,2,29,1,3,44.0,2,9,0.0,1,6,4,4.4,2,1.5172413793103448
1,4,40,0,12,38.0,2,5,0.0,0,1,1,6.333333333333333,2,0.95
1,34,63,1,10,23.0,2,0,0.0,1,2,4,23.0,3,0.36507936507936506
1,13,34,1,6,37.0,3,6,0.0,0,4,3,5.285714285714286,2,1.088235294117647
2,37,40,1,14,26.0,2,0,0.0,0,5,2,26.0,2,0.65
1,45,30,1,8,38.0,2,5,0.0,0,6,3,6.333333333333333,2,1.2666666666666666
2,71,70,0,30,153.0,3,34,1.0,1,1,3,4.371428571428571,4,2.1857142857142855
1,35,40,0,5,49.0,1,20,0.0,1,1,1,2.3333333333333335,2,1.225
3,44,41,0,21,51.0,3,7,0.0,0,1,1,6.375,2,1.2439024390243902
3,44,45,1,19,88.0,1,21,0.0,0,2,3,4.0,2,1.9555555555555555
1,26,41,1,20,19.0,1,0,0.0,1,6,1,19.0,2,0.4634146341463415
2,42,46,1,9,31.0,1,12,0.0,1,3,1,2.3846153846153846,2,0.6739130434782609
2,41,47,1,6,90.0,2,19,0.0,0,3,1,4.5,2,1.9148936170212767
1,31,24,1,3,14.0,1,0,0.0,0,4,1,14.0,2,0.5833333333333334
3,62,63,0,43,341.0,2,30,0.0,0,1,3,11.0,3,5.412698412698413
1,12,23,1,2,24.0,4,0,0.0,1,8,4,24.0,2,1.0434782608695652
2,45,49,1,27,81.0,2,7,0.0,1,4,3,10.125,2,1.653061224489796
1,47,34,1,4,63.0,2,13,0.0,1,4,1,4.5,2,1.8529411764705883
2,23,22,1,1,27.0,1,4,0.0,0,5,3,5.4,2,1.2272727272727273
3,39,34,0,4,20.0,5,3,0.0,1,1,4,5.0,2,0.5882352941176471
2,19,26,0,2,48.0,3,0,0.0,0,2,3,48.0,2,1.8461538461538463
1,13,54,0,12,121.0,4,23,0.0,0,1,3,5.041666666666667,3,2.240740740740741
2,5,33,0,6,39.0,3,4,0.0,0,3,4,7.8,2,1.1818181818181819
2,11,19,0,0,21.0,2,0,0.0,0,1,1,21.0,1,1.105263157894737
3,4,32,0,2,53.0,4,5,0.0,0,1,1,8.833333333333334,2,1.65625
3,17,42,0,8,58.0,1,23,0.0,0,1,2,2.4166666666666665,2,1.380952380952381
2,7,27,0,3,39.0,3,2,0.0,0,1,1,13.0,2,1.4444444444444444
1,19,65,0,3,108.0,1,33,0.0,0,3,3,3.176470588235294,3,1.6615384615384616
2,32,34,1,0,38.0,1,10,0.0,0,4,2,3.4545454545454546,2,1.1176470588235294
2,53,51,0,31,245.0,4,0,0.0,0,1,2,245.0,3,4.803921568627451
1,51,38,0,19,51.0,1,18,0.0,1,1,3,2.6842105263157894,2,1.3421052631578947
1,35,34,0,7,78.0,4,10,0.0,1,1,1,7.090909090909091,2,2.2941176470588234
1,3,31,1,4,23.0,4,4,0.0,0,5,4,4.6,2,0.7419354838709677
1,22,48,0,7,88.0,4,12,0.0,0,1,1,6.769230769230769,2,1.8333333333333333
3,17,21,1,0,25.0,2,1,0.0,1,3,3,12.5,1,1.1904761904761905
2,68,39,0,20,73.0,2,16,0.0,1,1,2,4.294117647058823,2,1.8717948717948718
2,27,41,1,7,62.0,4,15,0.0,1,2,3,3.875,2,1.5121951219512195
3,68,52,1,8,456.0,3,30,0.0,1,4,3,14.709677419354838,3,8.76923076923077
3,56,42,1,10,24.0,2,5,0.0,0,2,3,4.0,2,0.5714285714285714
3,11,32,0,8,23.0,2,0,0.0,1,1,1,23.0,2,0.71875
3,5,47,0,7,46.0,1,6,0.0,1,1,1,6.571428571428571,2,0.9787234042553191
3,16,50,0,5,263.0,2,29,0.0,1,3,3,8.766666666666667,2,5.26
2,59,30,0,2,34.0,4,2,0.0,1,1,2,11.333333333333334,2,1.1333333333333333
1,60,64,0,14,33.0,2,13,1.0,0,1,4,2.357142857142857,3,0.515625
3,55,47,0,11,37.0,1,11,0.0,0,1,3,3.0833333333333335,2,0.7872340425531915
1,18,56,0,22,296.0,2,25,0.0,0,1,1,11.384615384615385,3,5.285714285714286
2,16,22,0,0,26.0,3,0,0.0,1,3,2,26.0,2,1.1818181818181819
1,35,57,1,32,47.0,4,12,0.0,0,2,2,3.6153846153846154,3,0.8245614035087719
3,31,23,1,1,31.0,3,1,0.0,1,2,4,15.5,2,1.3478260869565217
2,20,49,1,5,264.0,2,29,0.0,1,2,1,8.8,2,5.387755102040816
2,16,27,0,5,41.0,4,2,0.0,1,1,4,13.666666666666666,2,1.5185185185185186
2,69,48,1,27,55.0,2,4,0.0,0,2,3,11.0,2,1.1458333333333333
3,69,66,1,31,49.0,2,15,0.0,0,2,1,3.0625,4,0.7424242424242424
2,27,24,1,3,26.0,1,7,0.0,1,4,1,3.25,2,1.0833333333333333
3,48,39,0,20,110.0,4,9,0.0,0,1,3,11.0,2,2.8205128205128207
1,18,52,1,20,66.0,1,19,0.0,1,2,1,3.3,3,1.2692307692307692
2,24,40,1,4,39.0,3,5,0.0,1,2,3,6.5,2,0.975
2,17,42,0,6,31.0,2,2,0.0,0,1,4,10.333333333333334,2,0.7380952380952381
2,9,24,1,3,26.0,4,1,0.0,1,3,1,13.0,2,1.0833333333333333
2,15,46,0,5,232.0,4,15,0.0,1,2,4,14.5,2,5.043478260869565
1,62,37,1,10,43.0,4,1,0.0,1,3,2,21.5,2,1.162162162162162
1,9,41,0,12,39.0,4,3,0.0,0,1,1,9.75,2,0.9512195121951219
2,71,41,1,10,73.0,2,23,0.0,1,2,3,3.0416666666666665,2,1.7804878048780488
2,62,59,1,37,74.0,1,20,0.0,0,2,3,3.5238095238095237,3,1.2542372881355932
2,20,38,0,19,237.0,4,13,0.0,0,1,4,16.928571428571427,2,6.2368421052631575
1,19,33,1,11,22.0,1,3,0.0,0,5,3,5.5,2,0.6666666666666666
2,49,61,1,28,21.0,1,8,0.0,0,2,3,2.3333333333333335,3,0.3442622950819672
3,3,64,0,3,9.0,2,6,1.0,0,1,1,1.2857142857142858,3,0.140625
1,33,36,0,2,41.0,5,10,0.0,0,1,1,3.727272727272727,2,1.1388888888888888
2,38,44,0,1,50.0,4,7,0.0,1,1,2,6.25,2,1.1363636363636365
3,42,48,1,14,27.0,3,5,0.0,1,3,4,4.5,2,0.5625
1,11,26,0,2,53.0,3,3,0.0,0,1,4,13.25,2,2.0384615384615383
3,27,28,1,0,58.0,3,0,0.0,0,2,3,58.0,2,2.0714285714285716
3,23,50,0,1,151.0,4,8,0.0,1,1,1,16.77777777777778,2,3.02
2,4,38,1,13,54.0,2,4,0.0,0,2,3,10.8,2,1.4210526315789473
3,36,42,0,5,31.0,1,4,0.0,1,1,1,6.2,2,0.7380952380952381
2,37,42,0,10,115.0,1,22,0.0,1,1,3,5.0,2,2.738095238095238
3,24,58,1,30,24.0,1,5,0.0,0,2,1,4.0,3,0.41379310344827586
3,4,24,0,1,17.0,2,2,0.0,0,3,1,5.666666666666667,2,0.7083333333333334
3,54,33,0,5,47.0,2,13,0.0,1,2,3,3.357142857142857,2,1.4242424242424243
3,7,49,0,8,36.0,1,0,0.0,1,1,3,36.0,2,0.7346938775510204
1,10,28,0,9,75.0,4,1,0.0,0,1,4,37.5,2,2.6785714285714284
3,24,35,1,10,41.0,5,6,0.0,1,2,2,5.857142857142857,2,1.1714285714285715
3,12,31,0,8,18.0,4,4,0.0,0,1,1,3.6,2,0.5806451612903226
2,45,54,0,25,171.0,3,33,0.0,1,1,3,5.029411764705882,3,3.1666666666666665
3,59,55,1,29,42.0,3,21,0.0,1,2,2,1.9090909090909092,3,0.7636363636363637
1,3,21,1,1,36.0,3,0,0.0,1,4,1,36.0,1,1.7142857142857142
3,8,35,0,6,31.0,5,7,0.0,0,1,4,3.875,2,0.8857142857142857
1,16,59,0,5,207.0,2,37,0.0,1,2,4,5.447368421052632,3,3.5084745762711864
3,32,33,0,1,38.0,1,12,0.0,1,1,1,2.923076923076923,2,1.1515151515151516
1,8,49,0,14,134.0,4,9,0.0,1,1,4,13.4,2,2.7346938775510203
1,9,28,1,8,28.0,3,4,0.0,0,3,2,5.6,2,1.0
2,12,19,1,0,15.0,2,0,0.0,1,4,2,15.0,1,0.7894736842105263
2,24,43,1,15,48.0,4,4,0.0,0,6,4,9.6,2,1.1162790697674418
3,72,75,0,48,14.0,2,6,1.0,1,1,2,2.0,4,0.18666666666666668
3,58,61,0,42,101.0,4,18,0.0,1,1,2,5.315789473684211,3,1.6557377049180328
1,70,44,1,24,87.0,2,18,0.0,0,3,3,4.578947368421052,2,1.9772727272727273
3,9,25,0,3,27.0,1,4,0.0,1,1,1,5.4,2,1.08
1,49,25,0,1,27.0,5,0,0.0,1,1,2,27.0,2,1.08
3,52,54,0,7,59.0,3,22,0.0,0,1,3,2.5652173913043477,3,1.0925925925925926
1,10,42,1,10,294.0,4,9,0.0,1,6,4,29.4,2,7.0
1,14,52,1,2,44.0,3,5,0.0,0,2,3,7.333333333333333,3,0.8461538461538461
1,19,27,1,3,35.0,2,4,0.0,0,6,4,7.0,2,1.2962962962962963
3,12,36,1,4,205.0,4,10,0.0,1,4,2,18.636363636363637,2,5.694444444444445
1,65,59,0,27,732.0,3,31,0.0,1,1,2,22.875,3,12.40677966101695
1,67,40,1,14,59.0,3,11,0.0,0,2,3,4.916666666666667,2,1.475
2,29,24,1,3,23.0,1,7,0.0,0,2,3,2.875,2,0.9583333333333334
3,55,46,0,8,87.0,2,19,0.0,1,1,1,4.35,2,1.891304347826087
3,71,67,1,25,110.0,1,23,0.0,1,2,3,4.583333333333333,4,1.6417910447761195
3,5,44,1,2,83.0,3,14,0.0,1,3,3,5.533333333333333,2,1.8863636363636365
3,60,58,0,0,63.0,4,21,0.0,1,3,2,2.8636363636363638,3,1.0862068965517242
2,10,40,0,6,22.0,3,6,0.0,1,1,1,3.142857142857143,2,0.55
3,52,64,0,44,43.0,3,7,0.0,0,1,4,5.375,3,0.671875
2,61,43,1,22,35.0,2,11,0.0,0,3,2,2.9166666666666665,2,0.813953488372093
1,61,29,1,5,48.0,2,11,0.0,0,4,2,4.0,2,1.6551724137931034
2,67,47,1,19,69.0,3,12,0.0,0,3,3,5.3076923076923075,2,1.4680851063829787
3,41,42,1,12,26.0,4,5,0.0,0,4,2,4.333333333333333,2,0.6190476190476191
1,30,28,0,1,20.0,1,8,0.0,1,1,1,2.2222222222222223,2,0.7142857142857143
1,24,46,0,12,43.0,2,6,0.0,0,1,4,6.142857142857143,2,0.9347826086956522
1,72,75,0,37,33.0,1,44,1.0,1,1,2,0.7333333333333333,4,0.44
2,17,35,0,7,66.0,2,11,0.0,0,1,4,5.5,2,1.8857142857142857
2,65,72,0,46,12.0,2,0,1.0,0,1,3,12.0,4,0.16666666666666666
1,15,30,1,8,90.0,2,11,0.0,0,5,4,7.5,2,3.0
1,34,33,0,8,35.0,3,2,0.0,1,1,2,11.666666666666666,2,1.0606060606060606
1,26,43,0,23,51.0,5,4,0.0,1,1,2,10.2,2,1.186046511627907
2,36,45,0,22,117.0,3,15,0.0,1,1,2,7.3125,2,2.6
1,60,48,0,29,100.0,2,26,0.0,1,1,3,3.7037037037037037,2,2.0833333333333335
1,16,54,0,20,147.0,1,29,0.0,0,4,3,4.9,3,2.7222222222222223
2,1,33,0,5,53.0,4,6,0.0,1,1,1,7.571428571428571,2,1.606060606060606
3,56,30,1,9,57.0,5,2,0.0,0,4,2,19.0,2,1.9
2,6,50,0,5,37.0,2,0,0.0,0,1,2,37.0,2,0.74
2,48,34,0,7,42.0,3,2,0.0,1,1,2,14.0,2,1.2352941176470589
2,34,36,1,17,50.0,1,4,0.0,0,2,3,10.0,2,1.3888888888888888
2,54,42,1,0,55.0,4,2,0.0,0,5,4,18.333333333333332,2,1.3095238095238095
3,38,31,1,2,42.0,2,7,0.0,1,4,4,5.25,2,1.3548387096774193
2,25,55,0,15,37.0,1,7,0.0,1,1,1,4.625,3,0.6727272727272727
1,47,69,1,17,228.0,3,39,0.0,1,4,4,5.7,4,3.3043478260869565
1,72,62,1,35,163.0,5,31,0.0,0,2,4,5.09375,3,2.629032258064516
2,6,35,1,6,28.0,4,3,0.0,1,3,4,7.0,2,0.8
1,30,51,1,9,118.0,5,21,0.0,1,2,1,5.363636363636363,3,2.3137254901960786
1,65,70,1,9,115.0,2,39,1.0,1,2,4,2.875,4,1.6428571428571428
1,22,44,1,19,37.0,4,1,0.0,0,2,3,18.5,2,0.8409090909090909
1,60,53,0,32,93.0,1,28,0.0,0,1,3,3.206896551724138,3,1.7547169811320755
2,19,32,0,12,71.0,4,5,0.0,1,1,4,11.833333333333334,2,2.21875
3,18,25,0,4,26.0,2,7,0.0,1,3,1,3.25,2,1.04
1,9,37,1,10,14.0,4,5,0.0,1,6,1,2.3333333333333335,2,0.3783783783783784
1,1,34,1,6,18.0,1,0,0.0,1,2,1,18.0,2,0.5294117647058824
3,10,28,1,2,36.0,4,0,0.0,1,3,4,36.0,2,1.2857142857142858
3,45,34,1,14,43.0,4,0,0.0,0,4,2,43.0,2,1.2647058823529411
1,25,28,1,6,41.0,4,4,0.0,1,4,3,8.2,2,1.4642857142857142
3,66,39,0,1,66.0,2,15,0.0,1,1,2,4.125,2,1.6923076923076923
1,27,67,0,1,33.0,4,19,1.0,1,1,3,1.65,4,0.4925373134328358
1,19,41,0,5,53.0,4,6,0.0,0,1,1,7.571428571428571,2,1.2926829268292683
2,17,41,1,9,28.0,4,3,0.0,0,6,1,7.0,2,0.6829268292682927
2,16,36,0,13,58.0,4,4,0.0,0,1,1,11.6,2,1.6111111111111112
1,8,42,1,2,129.0,4,17,0.0,1,3,1,7.166666666666667,2,3.0714285714285716
1,3,25,0,0,65.0,4,0,0.0,1,1,4,65.0,2,2.6
3,59,57,0,26,311.0,3,36,0.0,1,1,1,8.405405405405405,3,5.456140350877193
2,45,37,0,2,57.0,3,14,0.0,1,1,2,3.8,2,1.5405405405405406
1,66,62,0,31,47.0,2,4,0.0,1,1,2,9.4,3,0.7580645161290323
3,28,50,1,7,25.0,1,3,0.0,0,2,1,6.25,2,0.5
1,15,38,1,11,46.0,5,11,0.0,0,3,1,3.8333333333333335,2,1.2105263157894737
3,39,34,1,10,51.0,3,13,0.0,1,4,4,3.642857142857143,2,1.5
3,38,33,0,4,19.0,2,5,0.0,1,2,3,3.1666666666666665,2,0.5757575757575758
3,34,29,0,5,26.0,3,4,0.0,1,2,2,5.2,2,0.896551724137931
3,60,57,1,18,72.0,5,30,1.0,0,2,4,2.3225806451612905,3,1.263157894736842
3,72,65,1,33,71.0,1,41,1.0,1,4,3,1.6904761904761905,3,1.0923076923076922
1,42,42,1,9,41.0,2,13,0.0,0,8,3,2.9285714285714284,2,0.9761904761904762
3,32,37,0,9,44.0,2,7,0.0,0,1,1,5.5,2,1.1891891891891893
3,48,50,1,4,208.0,4,19,0.0,1,2,4,10.4,2,4.16
3,63,37,1,1,45.0,4,9,0.0,1,6,2,4.5,2,1.2162162162162162
3,45,27,1,3,39.0,3,2,0.0,0,4,2,13.0,2,1.4444444444444444
2,68,42,0,16,89.0,4,12,0.0,0,1,2,6.846153846153846,2,2.119047619047619
1,6,29,1,4,19.0,2,5,0.0,1,2,1,3.1666666666666665,2,0.6551724137931034
1,68,57,1,33,15.0,2,0,0.0,1,2,4,15.0,3,0.2631578947368421
3,72,68,1,26,59.0,2,36,1.0,1,2,4,1.5945945945945945,4,0.8676470588235294
3,53,38,1,15,20.0,3,6,0.0,1,4,2,2.857142857142857,2,0.5263157894736842
3,20,51,1,11,27.0,4,6,0.0,0,3,3,3.857142857142857,3,0.5294117647058824
2,70,35,1,4,48.0,2,9,0.0,0,3,2,4.8,2,1.3714285714285714
3,32,47,0,25,135.0,2,6,0.0,1,1,1,19.285714285714285,2,2.872340425531915
2,61,52,1,23,19.0,1,0,0.0,0,2,3,19.0,3,0.36538461538461536
1,24,25,1,3,28.0,4,0,0.0,0,3,2,28.0,2,1.12
2,56,61,1,14,12.0,1,16,1.0,1,2,1,0.7058823529411765,3,0.19672131147540983
3,54,59,0,28,28.0,2,15,0.0,0,1,2,1.75,3,0.4745762711864407
3,43,38,1,7,18.0,3,8,0.0,1,3,4,2.0,2,0.47368421052631576
1,19,35,0,7,58.0,3,5,0.0,1,1,4,9.666666666666666,2,1.6571428571428573
3,5,43,0,16,72.0,3,17,0.0,1,1,3,4.0,2,1.6744186046511629
1,24,61,1,6,112.0,4,3,0.0,1,4,1,28.0,3,1.8360655737704918
3,62,35,1,2,28.0,2,8,0.0,1,2,2,3.111111111111111,2,0.8
2,14,40,0,13,398.0,5,11,0.0,1,1,4,33.166666666666664,2,9.95
3,60,48,1,22,106.0,3,21,0.0,1,3,4,4.818181818181818,2,2.2083333333333335
2,30,74,1,12,10.0,1,3,1.0,1,2,3,2.5,4,0.13513513513513514
1,40,42,1,16,108.0,3,17,0.0,0,4,2,6.0,2,2.5714285714285716
2,42,50,1,17,85.0,2,15,0.0,1,4,1,5.3125,2,1.7
1,20,34,0,14,51.0,3,9,0.0,1,1,2,5.1,2,1.5
1,4,22,1,1,22.0,2,2,0.0,1,3,3,7.333333333333333,2,1.0
2,44,49,1,2,66.0,2,8,0.0,1,4,4,7.333333333333333,2,1.346938775510204
3,49,63,0,18,10.0,2,2,1.0,0,1,3,3.3333333333333335,3,0.15873015873015872
3,5,36,1,2,34.0,1,4,0.0,1,2,3,6.8,2,0.9444444444444444
3,70,50,1,29,67.0,1,22,0.0,0,4,2,2.9130434782608696,2,1.34
1,30,57,1,16,19.0,1,1,0.0,0,4,1,9.5,3,0.3333333333333333
2,28,48,0,20,128.0,4,4,0.0,1,1,4,25.6,2,2.6666666666666665
1,5,28,1,3,39.0,5,1,0.0,0,6,4,19.5,2,1.3928571428571428
2,27,35,0,12,56.0,1,3,0.0,1,1,4,14.0,2,1.6
2,17,39,0,12,45.0,4,10,0.0,1,1,1,4.090909090909091,2,1.1538461538461537
1,4,37,1,8,25.0,1,1,0.0,1,5,1,12.5,2,0.6756756756756757
1,30,23,1,0,24.0,2,1,0.0,1,4,3,12.0,2,1.0434782608695652
3,71,40,1,19,53.0,4,14,0.0,1,2,4,3.533333333333333,2,1.325
3,67,77,0,55,49.0,1,45,1.0,1,1,1,1.065217391304348,4,0.6363636363636364
3,24,48,1,3,38.0,1,16,0.0,1,2,1,2.235294117647059,2,0.7916666666666666
1,24,54,1,7,84.0,3,10,0.0,1,2,1,7.636363636363637,3,1.5555555555555556
2,59,54,0,32,126.0,1,22,0.0,1,1,3,5.478260869565218,3,2.3333333333333335
3,59,32,0,9,73.0,4,5,0.0,0,1,2,12.166666666666666,2,2.28125
3,44,37,1,1,41.0,4,8,0.0,1,6,2,4.555555555555555,2,1.1081081081081081
1,19,31,1,0,22.0,4,2,0.0,0,3,2,7.333333333333333,2,0.7096774193548387
2,58,46,1,23,23.0,1,2,0.0,1,2,1,7.666666666666667,2,0.5
1,41,53,1,22,94.0,2,25,0.0,0,2,2,3.6153846153846154,3,1.7735849056603774
2,16,33,0,1,30.0,3,7,0.0,0,4,3,3.75,2,0.9090909090909091
3,13,36,0,11,31.0,2,0,0.0,0,1,1,31.0,2,0.8611111111111112
1,60,53,0,22,171.0,1,37,0.0,1,1,3,4.5,3,3.2264150943396226
2,72,49,1,23,102.0,1,27,0.0,1,6,2,3.642857142857143,2,2.0816326530612246
2,33,39,0,17,27.0,4,3,0.0,1,1,4,6.75,2,0.6923076923076923
2,72,45,1,25,98.0,4,20,0.0,1,2,4,4.666666666666667,2,2.1777777777777776
1,66,54,1,8,591.0,4,25,0.0,1,2,4,22.73076923076923,3,10.944444444444445
3,53,37,1,7,25.0,1,2,0.0,1,6,3,8.333333333333334,2,0.6756756756756757
2,22,28,1,0,36.0,4,0,0.0,0,4,4,36.0,2,1.2857142857142858
2,14,26,1,1,25.0,2,0,0.0,1,3,3,25.0,2,0.9615384615384616
1,52,49,0,18,69.0,2,13,0.0,1,2,3,4.928571428571429,2,1.4081632653061225
3,33,30,1,5,22.0,1,0,0.0,0,2,3,22.0,2,0.7333333333333333
3,72,66,0,26,67.0,2,37,1.0,1,1,3,1.763157894736842,4,1.0151515151515151
1,40,40,1,3,73.0,4,12,0.0,1,4,3,5.615384615384615,2,1.825
2,29,26,0,1,22.0,4,2,0.0,1,1,4,7.333333333333333,2,0.8461538461538461
3,63,67,0,22,9.0,2,12,1.0,0,1,3,0.6923076923076923,4,0.13432835820895522
2,56,54,0,25,147.0,3,31,0.0,1,1,2,4.59375,3,2.7222222222222223
3,60,50,1,26,239.0,2,19,0.0,1,2,4,11.95,2,4.78
3,28,22,1,3,23.0,3,1,0.0,0,5,1,11.5,2,1.0454545454545454
2,39,39,0,19,29.0,4,6,0.0,0,1,2,4.142857142857143,2,0.7435897435897436
3,65,39,1,18,32.0,2,15,0.0,0,4,3,2.0,2,0.8205128205128205
3,29,31,0,7,30.0,3,7,0.0,1,1,3,3.75,2,0.967741935483871
3,28,36,0,8,57.0,2,13,0.0,1,2,3,4.071428571428571,2,1.5833333333333333
1,2,18,0,0,20.0,2,0,0.0,0,1,3,20.0,1,1.1111111111111112
3,67,52,0,13,248.0,2,20,0.0,1,3,3,11.80952380952381,3,4.769230769230769
3,5,35,1,9,59.0,3,8,0.0,1,5,4,6.555555555555555,2,1.6857142857142857
3,48,35,0,10,24.0,2,6,0.0,0,1,3,3.4285714285714284,2,0.6857142857142857
2,10,26,1,4,25.0,1,4,0.0,1,3,1,5.0,2,0.9615384615384616
2,17,28,0,3,37.0,3,2,0.0,1,1,3,12.333333333333334,2,1.3214285714285714
1,21,24,1,0,30.0,4,0,0.0,1,5,4,30.0,2,1.25
2,25,51,0,9,66.0,4,13,0.0,0,2,4,4.714285714285714,3,1.2941176470588236
3,44,31,0,8,16.0,1,3,0.0,0,1,1,4.0,2,0.5161290322580645
2,59,49,0,28,429.0,4,23,0.0,1,2,4,17.875,2,8.755102040816327
2,11,26,0,7,20.0,2,4,0.0,0,1,1,4.0,2,0.7692307692307693
2,50,68,1,32,262.0,3,28,0.0,0,2,3,9.03448275862069,4,3.8529411764705883
3,23,25,1,2,28.0,3,1,0.0,1,5,2,14.0,2,1.12
1,17,19,0,0,18.0,2,0,0.0,1,2,2,18.0,1,0.9473684210526315
1,15,62,1,3,144.0,3,21,0.0,0,2,3,6.545454545454546,3,2.3225806451612905
2,68,57,1,38,33.0,1,9,0.0,1,2,2,3.3,3,0.5789473684210527
1,69,42,1,23,19.0,3,0,0.0,1,2,1,19.0,2,0.4523809523809524
1,30,24,1,3,30.0,1,7,0.0,1,5,1,3.75,2,1.25
3,22,30,0,8,41.0,2,8,0.0,0,1,3,4.555555555555555,2,1.3666666666666667
2,10,20,1,1,20.0,2,0,0.0,1,4,1,20.0,1,1.0
1,72,59,1,12,65.0,3,21,0.0,1,6,2,2.9545454545454546,3,1.1016949152542372
2,34,24,1,5,17.0,4,0,0.0,1,2,3,17.0,2,0.7083333333333334
2,43,49,1,18,66.0,1,22,0.0,0,4,3,2.869565217391304,2,1.346938775510204
3,31,37,1,15,18.0,4,5,0.0,0,3,4,3.0,2,0.4864864864864865
2,6,27,1,5,26.0,4,2,0.0,0,5,1,8.666666666666666,2,0.9629629629629629
2,48,42,0,21,46.0,4,4,0.0,0,1,3,9.2,2,1.0952380952380953
2,50,25,0,6,19.0,1,5,0.0,0,3,1,3.1666666666666665,2,0.76
3,20,41,1,19,58.0,2,6,0.0,1,2,2,8.285714285714286,2,1.4146341463414633
3,61,73,0,10,25.0,1,21,1.0,0,1,1,1.1363636363636365,4,0.3424657534246575
2,6,21,0,0,15.0,2,1,0.0,1,1,1,7.5,1,0.7142857142857143
2,1,22,0,2,35.0,2,2,0.0,0,1,1,11.666666666666666,2,1.5909090909090908
1,21,43,0,13,41.0,2,1,0.0,1,1,4,20.5,2,0.9534883720930233
3,7,32,0,1,71.0,4,3,0.0,0,2,4,17.75,2,2.21875
3,65,56,1,19,608.0,3,34,0.0,1,2,4,17.37142857142857,3,10.857142857142858
1,64,37,0,10,44.0,4,9,0.0,1,1,2,4.4,2,1.1891891891891893
3,4,30,0,0,41.0,2,0,0.0,0,2,3,41.0,2,1.3666666666666667
1,67,45,1,22,83.0,3,11,0.0,1,2,2,6.916666666666667,2,1.8444444444444446
2,22,35,0,12,28.0,2,3,0.0,0,2,2,7.0,2,0.8
3,51,37,1,17,101.0,2,10,0.0,1,2,3,9.181818181818182,2,2.72972972972973
1,50,28,0,6,28.0,1,10,0.0,1,1,3,2.5454545454545454,2,1.0
1,31,47,1,18,35.0,2,0,0.0,0,2,1,35.0,2,0.7446808510638298
3,4,28,0,0,39.0,2,3,0.0,1,1,3,9.75,2,1.3928571428571428
3,60,56,0,19,51.0,4,11,0.0,0,1,4,4.25,3,0.9107142857142857
3,7,31,1,12,31.0,2,7,0.0,1,6,1,3.875,2,1.0
3,20,40,0,2,209.0,4,15,0.0,1,1,2,13.0625,2,5.225
2,19,23,1,4,37.0,3,1,0.0,1,4,3,18.5,2,1.608695652173913
3,58,37,1,5,64.0,4,8,0.0,1,2,4,7.111111111111111,2,1.7297297297297298
3,65,64,0,20,88.0,3,26,0.0,1,1,4,3.259259259259259,3,1.375
3,72,61,1,34,61.0,1,8,0.0,0,3,2,6.777777777777778,3,1.0
3,8,42,0,3,66.0,3,10,0.0,0,1,4,6.0,2,1.5714285714285714
2,33,40,1,14,19.0,3,5,0.0,0,2,1,3.1666666666666665,2,0.475
3,18,34,1,4,42.0,2,14,0.0,1,5,4,2.8,2,1.2352941176470589
2,24,31,1,6,41.0,2,13,0.0,0,5,3,2.9285714285714284,2,1.3225806451612903
3,70,36,0,8,50.0,1,15,0.0,1,1,2,3.125,2,1.3888888888888888
1,7,38,0,4,70.0,4,4,0.0,0,1,4,14.0,2,1.8421052631578947
3,70,59,0,27,85.0,1,19,0.0,1,1,3,4.25,3,1.4406779661016949
2,20,48,1,21,45.0,3,2,0.0,1,2,3,15.0,2,0.9375
3,54,32,1,12,27.0,1,9,0.0,0,2,2,2.7,2,0.84375
3,36,48,0,28,29.0,1,2,0.0,0,1,1,9.666666666666666,2,0.6041666666666666
3,71,53,1,29,48.0,4,0,0.0,1,2,3,48.0,3,0.9056603773584906
1,17,41,0,4,32.0,2,3,0.0,0,1,3,8.0,2,0.7804878048780488
1,18,45,1,17,43.0,1,9,0.0,0,3,3,4.3,2,0.9555555555555556
1,16,27,0,8,16.0,5,0,0.0,1,1,4,16.0,2,0.5925925925925926
3,38,30,1,6,22.0,2,3,0.0,1,2,2,5.5,2,0.7333333333333333
1,52,45,1,19,40.0,3,9,0.0,1,3,4,4.0,2,0.8888888888888888
1,46,48,1,12,256.0,3,25,0.0,0,6,4,9.846153846153847,2,5.333333333333333
2,31,46,0,23,144.0,4,13,0.0,0,1,3,10.285714285714286,2,3.130434782608696
2,23,31,0,10,45.0,4,0,0.0,0,2,2,45.0,2,1.4516129032258065
2,38,56,1,34,34.0,2,0,0.0,1,3,3,34.0,3,0.6071428571428571
2,50,54,0,15,248.0,3,28,0.0,1,1,3,8.551724137931034,3,4.592592592592593
2,16,49,0,17,41.0,2,5,0.0,0,1,4,6.833333333333333,2,0.8367346938775511
2,14,34,1,4,27.0,4,1,0.0,1,2,4,13.5,2,0.7941176470588235
2,30,52,0,23,17.0,3,3,0.0,1,1,2,4.25,3,0.3269230769230769
3,22,47,1,0,44.0,4,11,0.0,1,3,4,3.6666666666666665,2,0.9361702127659575
1,38,55,1,12,135.0,2,24,0.0,0,4,4,5.4,3,2.4545454545454546
3,59,26,1,3,41.0,4,1,0.0,1,3,2,20.5,2,1.5769230769230769
2,54,55,0,1,587.0,3,33,0.0,0,1,3,17.264705882352942,3,10.672727272727272
3,9,40,0,13,38.0,4,7,0.0,1,1,4,4.75,2,0.95
1,67,67,1,38,49.0,2,10,0.0,1,2,2,4.454545454545454,4,0.7313432835820896
2,24,44,0,19,33.0,3,0,0.0,1,2,1,33.0,2,0.75
2,12,55,1,13,36.0,1,5,0.0,1,2,2,6.0,3,0.6545454545454545
1,26,47,0,13,54.0,3,0,0.0,0,1,2,54.0,2,1.148936170212766
2,3,32,0,4,58.0,2,11,0.0,0,4,4,4.833333333333333,2,1.8125
2,20,46,0,2,23.0,5,4,0.0,1,2,4,4.6,2,0.5
3,5,52,1,0,97.0,5,9,0.0,0,2,4,9.7,3,1.8653846153846154
3,58,53,0,19,207.0,3,12,0.0,1,1,4,15.923076923076923,3,3.9056603773584904
1,54,28,1,2,21.0,3,3,0.0,0,4,1,5.25,2,0.75
2,52,39,0,6,119.0,3,18,0.0,1,1,1,6.2631578947368425,2,3.051282051282051
2,38,30,1,10,25.0,1,5,0.0,1,4,1,4.166666666666667,2,0.8333333333333334
2,19,46,0,5,59.0,3,17,0.0,0,1,1,3.2777777777777777,2,1.2826086956521738
2,22,33,1,2,24.0,1,3,0.0,0,4,1,6.0,2,0.7272727272727273
1,49,35,1,15,113.0,4,4,0.0,0,5,2,22.6,2,3.2285714285714286
3,5,39,0,0,22.0,1,0,0.0,1,2,3,22.0,2,0.5641025641025641
2,18,69,0,28,11.0,1,17,1.0,0,1,1,0.6111111111111112,4,0.15942028985507245
3,43,29,0,4,33.0,1,13,0.0,1,4,3,2.357142857142857,2,1.1379310344827587
3,17,50,0,2,205.0,5,19,0.0,0,1,4,10.25,2,4.1
2,37,33,0,4,41.0,3,8,0.0,1,3,2,4.555555555555555,2,1.2424242424242424
2,8,39,0,0,39.0,1,7,0.0,1,1,1,4.875,2,1.0
2,51,46,1,8,107.0,2,21,0.0,1,6,3,4.863636363636363,2,2.3260869565217392
1,71,55,1,11,198.0,1,31,0.0,1,3,3,6.1875,3,3.6
1,56,53,1,23,100.0,5,14,0.0,1,2,2,6.666666666666667,3,1.8867924528301887
3,70,68,0,21,1131.0,2,45,0.0,0,1,3,24.58695652173913,4,16.63235294117647
1,62,53,0,14,360.0,3,26,0.0,1,2,3,13.333333333333334,3,6.7924528301886795
1,50,52,1,22,162.0,2,27,0.0,1,2,4,5.785714285714286,3,3.1153846153846154
3,1,31,0,3,29.0,5,2,0.0,1,3,1,9.666666666666666,2,0.9354838709677419
3,15,26,0,1,38.0,4,1,0.0,0,2,4,19.0,2,1.4615384615384615
3,72,55,1,24,82.0,3,25,0.0,1,2,2,3.1538461538461537,3,1.490909090909091
2,69,47,1,10,159.0,2,24,0.0,0,4,3,6.36,2,3.382978723404255
2,32,44,0,10,201.0,2,24,0.0,0,1,3,8.04,2,4.568181818181818
1,19,25,1,6,27.0,4,0,0.0,1,2,3,27.0,2,1.08
2,42,54,0,19,57.0,3,10,0.0,1,1,4,5.181818181818182,3,1.0555555555555556
3,51,49,0,29,45.0,1,16,0.0,0,1,1,2.6470588235294117,2,0.9183673469387755
2,32,22,1,2,17.0,2,2,0.0,1,4,3,5.666666666666667,2,0.7727272727272727
3,26,55,1,13,61.0,1,26,0.0,0,2,3,2.259259259259259,3,1.1090909090909091
2,39,44,1,14,418.0,4,18,0.0,0,2,4,22.0,2,9.5
2,72,53,0,12,152.0,2,32,0.0,1,1,4,4.606060606060606,3,2.8679245283018866
2,4,39,0,11,38.0,4,1,0.0,0,2,4,19.0,2,0.9743589743589743
2,54,50,1,5,151.0,4,20,0.0,0,3,3,7.190476190476191,2,3.02
1,34,40,1,21,23.0,4,9,0.0,1,3,4,2.3,2,0.575
1,20,25,1,4,33.0,4,0,0.0,1,3,1,33.0,2,1.32
3,14,49,0,4,26.0,1,8,0.0,0,1,1,2.888888888888889,2,0.5306122448979592
1,61,59,0,26,89.0,1,40,1.0,1,1,3,2.1707317073170733,3,1.5084745762711864
2,4,24,0,2,25.0,4,0,0.0,0,1,1,25.0,2,1.0416666666666667
3,16,48,0,25,59.0,2,13,0.0,0,2,3,4.214285714285714,2,1.2291666666666667
1,13,41,0,9,55.0,2,12,0.0,1,3,1,4.230769230769231,2,1.3414634146341464
2,53,37,1,18,25.0,3,6,0.0,1,2,2,3.5714285714285716,2,0.6756756756756757
2,58,36,1,13,39.0,2,8,0.0,1,7,4,4.333333333333333,2,1.0833333333333333
2,25,38,1,19,56.0,1,19,0.0,1,2,3,2.8,2,1.4736842105263157
1,71,61,1,19,155.0,3,30,0.0,0,2,3,5.0,3,2.540983606557377
1,22,33,1,13,119.0,5,0,0.0,1,4,4,119.0,2,3.606060606060606
1,46,48,1,15,64.0,3,20,0.0,0,2,3,3.0476190476190474,2,1.3333333333333333
3,66,50,1,2,333.0,5,24,0.0,0,2,2,13.32,2,6.66
1,69,58,1,29,26.0,2,7,0.0,1,3,4,3.25,3,0.4482758620689655
2,38,49,1,3,33.0,4,11,0.0,0,4,2,2.75,2,0.673469387755102
3,16,35,0,7,46.0,3,3,0.0,0,1,1,11.5,2,1.3142857142857143
3,44,39,1,8,41.0,2,8,0.0,0,4,4,4.555555555555555,2,1.0512820512820513
1,50,50,0,24,31.0,1,8,0.0,0,1,3,3.4444444444444446,2,0.62
3,10,23,0,1,29.0,4,0,0.0,1,1,4,29.0,2,1.2608695652173914
2,7,41,0,6,94.0,2,16,0.0,0,1,4,5.529411764705882,2,2.292682926829268
3,71,48,0,25,288.0,3,19,0.0,0,1,1,14.4,2,6.0
3,16,39,1,5,31.0,1,4,0.0,1,5,1,6.2,2,0.7948717948717948
3,6,20,0,0,25.0,2,0,0.0,1,2,3,25.0,1,1.25
2,46,55,0,24,269.0,2,35,0.0,0,1,3,7.472222222222222,3,4.890909090909091
3,51,49,1,13,203.0,3,27,0.0,0,4,3,7.25,2,4.142857142857143
3,5,34,0,12,22.0,2,2,0.0,0,2,1,7.333333333333333,2,0.6470588235294118
2,49,54,1,23,25.0,2,1,0.0,1,4,1,12.5,3,0.46296296296296297
3,49,51,1,14,222.0,5,16,0.0,0,2,2,13.058823529411764,3,4.352941176470588
1,26,30,1,4,76.0,3,7,0.0,0,2,1,9.5,2,2.533333333333333
3,22,39,0,4,55.0,2,17,0.0,1,1,4,3.0555555555555554,2,1.4102564102564104
3,51,45,1,4,46.0,3,6,0.0,0,2,4,6.571428571428571,2,1.0222222222222221
1,19,27,1,7,56.0,4,1,0.0,0,4,4,28.0,2,2.074074074074074
1,9,36,0,1,79.0,3,11,0.0,1,5,3,6.583333333333333,2,2.1944444444444446
3,15,25,1,0,51.0,3,2,0.0,1,2,1,17.0,2,2.04
2,57,63,0,19,61.0,1,27,0.0,0,1,3,2.1785714285714284,3,0.9682539682539683
3,48,45,0,15,41.0,1,10,0.0,1,2,1,3.727272727272727,2,0.9111111111111111
2,9,53,1,20,50.0,2,13,0.0,1,2,1,3.5714285714285716,3,0.9433962264150944
1,61,52,0,21,82.0,1,18,0.0,0,1,3,4.315789473684211,3,1.5769230769230769
3,72,53,0,34,108.0,1,23,0.0,0,1,3,4.5,3,2.0377358490566038
3,57,60,0,20,14.0,2,27,1.0,1,1,3,0.5,3,0.23333333333333334
2,57,51,0,10,46.0,1,13,0.0,0,1,2,3.2857142857142856,3,0.9019607843137255
1,37,60,1,0,46.0,1,20,0.0,0,3,3,2.1904761904761907,3,0.7666666666666667
3,45,51,0,13,146.0,4,16,0.0,0,2,1,8.588235294117647,3,2.8627450980392157
3,45,39,1,15,36.0,1,11,0.0,1,5,1,3.0,2,0.9230769230769231
2,55,44,0,24,83.0,1,23,0.0,1,1,3,3.4583333333333335,2,1.8863636363636365
2,24,27,0,2,17.0,3,3,0.0,0,5,2,4.25,2,0.6296296296296297
3,1,20,0,1,18.0,3,0,0.0,0,1,1,18.0,1,0.9
2,34,23,1,3,24.0,1,7,0.0,1,4,3,3.0,2,1.0434782608695652
3,14,37,1,5,48.0,3,1,0.0,1,4,1,24.0,2,1.2972972972972974
3,6,32,0,10,47.0,1,10,0.0,0,1,3,4.2727272727272725,2,1.46875
3,24,30,0,0,25.0,4,5,0.0,0,2,4,4.166666666666667,2,0.8333333333333334
2,3,26,1,6,59.0,4,0,0.0,1,3,4,59.0,2,2.269230769230769
1,4,30,0,1,45.0,4,6,0.0,0,3,4,6.428571428571429,2,1.5
1,72,40,1,19,163.0,4,15,0.0,0,2,2,10.1875,2,4.075
1,44,56,0,4,63.0,2,6,0.0,1,1,3,9.0,3,1.125
1,50,43,0,6,27.0,3,4,0.0,0,1,3,5.4,2,0.627906976744186
2,61,50,1,16,190.0,2,22,0.0,1,2,2,8.26086956521739,2,3.8
1,34,52,1,2,106.0,2,19,0.0,0,2,3,5.3,3,2.0384615384615383
3,26,54,1,30,26.0,3,1,0.0,1,2,4,13.0,3,0.48148148148148145
1,15,46,1,17,63.0,5,1,0.0,0,2,4,31.5,2,1.3695652173913044
3,10,39,0,0,27.0,3,0,0.0,1,3,1,27.0,2,0.6923076923076923
1,7,34,0,2,22.0,5,5,0.0,1,1,1,3.6666666666666665,2,0.6470588235294118
3,67,59,0,40,944.0,5,33,0.0,1,1,4,27.764705882352942,3,16.0
3,70,49,0,18,87.0,2,22,0.0,1,1,3,3.782608695652174,2,1.7755102040816326
3,50,36,1,7,39.0,3,3,0.0,1,3,2,9.75,2,1.0833333333333333
